Manufacturer,Model,Registration Status,Price,Mileage,Keys,Damage description,Transmission,Seats,Fuel Type,Link
BMW,325i,No,"$2,025",N/A,," Left Side Damage, Structural Damage, Selling De-Registered","Automatic,",5,Petrol,https://manheim.co.nz/damaged-vehicles/000000000007270019/1994-bmw-325i-sedan?referringPage=SearchResults
Mitsubishi,L300,No,$0,"67,565",," Left Front Damage, Left Side Damage, Structural Damage, Selling De-Registered","Automatic,",3,Petrol,https://manheim.co.nz/damaged-vehicles/000000000007270054/2012-mitsubishi-l300-2-4p-lwb-5-door-van?referringPage=SearchResults
Toyota,Corolla,No,N/A,"72,298",," Left Side Damage, Airbags Deployed, Structural Damage, Selling De-Registered","Automatic,",5,Hybrid,https://manheim.co.nz/damaged-vehicles/000000000007270063/2021-toyota-corolla-sx-1-8ph-cvt-sedan?referringPage=SearchResults
Nissan,Navara,Yes,"$1,450",N/A,," Engine Damage, Selling Registered","Manual,",5,Diesel,https://manheim.co.nz/damaged-vehicles/000000000007270064/2008-nissan-navara-4wd-d-c-2-5d-dual-cab-utility?referringPage=SearchResults
Jaguar,X-type,No,$600,"219,210",," Left Side Damage, Right Side Damage, Structural Damage, Selling De-Registered","Automatic,",5,Petrol,https://manheim.co.nz/damaged-vehicles/000000000007270065/2004-jaguar-x-type-2-5-v6-se-4dr-5spa-sedan?referringPage=SearchResults
Mazda,MAZDA3,No,$0,"252,478",," Rear Damage, Structural Damage, Selling De-Registered","Automatic,",5,Petrol,https://manheim.co.nz/damaged-vehicles/000000000007270072/2007-mazda-mazda3-sporthatch-gsx-2-0-hatch?referringPage=SearchResults
Volkswagen,Golf,No,$0,"154,347",," Front Damage, Structural Damage, Selling De-Registered","Automatic,",5,Petrol,https://manheim.co.nz/damaged-vehicles/000000000007270094/2012-volkswagen-golf-tsi-90kw-7dsg-hatch?referringPage=SearchResults
Ford,Falcon,Yes,$0,"211,820",, Selling Registered,"Automatic,",5,Petrol,https://manheim.co.nz/damaged-vehicles/000000000007270177/2012-ford-falcon-fg2-xr6-sedan-a-sedan?referringPage=SearchResults
Mazda,Premacy,No,$500,N/A,," Ignition Damage, Left Rear Damage, Left Side Damage, Structural Damage, Stolen & Recovered, Selling De-Registered","Automatic,",7,Petrol,https://manheim.co.nz/damaged-vehicles/000000000007270214/2011-mazda-premacy-i-stop-station-wagon?referringPage=SearchResults
Mazda,Atenza,No,$0,N/A,, Selling De-Registered,"Automatic,",5,Petrol,https://manheim.co.nz/damaged-vehicles/000000000007270308/2008-mazda-atenza-station-wagon?referringPage=SearchResults
Volkswagen,Polo,Yes,$600,"121,914",," Front Damage, Left Front Damage, Selling Registered","Automatic,",5,Petrol,https://manheim.co.nz/damaged-vehicles/000000000007270318/2009-volkswagen-polo-hatch?referringPage=SearchResults
Mazda,Axela,No,$600,"228,061",," Left Rear Damage, Airbags Deployed, Structural Damage, Selling De-Registered","Automatic,",5,Petrol,https://manheim.co.nz/damaged-vehicles/000000000007270333/2004-mazda-axela-hatch?referringPage=SearchResults
Subaru,Impreza,No,$0,N/A,," Airbags Deployed, Glass Broken, Right Side Damage, Structural Damage, Selling De-Registered","Automatic,",5,Petrol,https://manheim.co.nz/damaged-vehicles/000000000007240434/2015-subaru-impreza-station-wagon?referringPage=SearchResults
Mazda,MAZDA3,No,N/A,"93,358",," Structural Damage, Selling De-Registered","Automatic,",5,N/A,https://manheim.co.nz/damaged-vehicles/000000000007270514/2020-mazda-mazda3-takami-2-0ps-6at-hatch?referringPage=SearchResults
Toyota,Highlander,No,N/A,N/A,," Front Damage, Structural Damage, Selling De-Registered","Automatic,",7,Petrol,https://manheim.co.nz/damaged-vehicles/000000000007270536/2011-toyota-highlander-3-5p-4wd-wagon5-5a-station-wagon?referringPage=SearchResults
Honda,CRV,No,$0,"86,203",," Left Rear Damage, Right Side Damage, Structural Damage, Suspension Damage, Selling De-Registered","Automatic,",5,Petrol,https://manheim.co.nz/damaged-vehicles/000000000007250541/2007-honda-crv-station-wagon?referringPage=SearchResults
Ford,Fiesta,No,$300,"136,301",," Front Damage, Right Front Damage, Right Side Damage, Structural Damage, Selling De-Registered","Automatic,",5,Petrol,https://manheim.co.nz/damaged-vehicles/000000000007260652/2004-ford-fiesta-5dr-1-6-a-hatch?referringPage=SearchResults
BMW,R1250,No,$275,N/A,," Front Damage, Left Side Damage, Frame Damaged, Right Front Damage, Right Side Damage, Structural Damage, Selling De-Registered","Manual,",N/A,Petrol,https://manheim.co.nz/damaged-vehicles/000000000007250806/2020-bmw-r1250-rt-motorcycle?referringPage=SearchResults
FEED OUT,Trailer,No,$1,N/A,0," Structural Damage, Selling De-Registered",N/A,N/A,N/A,https://manheim.co.nz/damaged-vehicles/000000000007260811/1984-feed-out-trailer-trailer?referringPage=SearchResults
Toyota,Aqua,No,$500,N/A,," Front Damage, Structural Damage, Selling De-Registered",N/A,5,Hybrid,https://manheim.co.nz/damaged-vehicles/000000000007270814/2016-toyota-aqua-hatch?referringPage=SearchResults
Nissan,Caravan,No,$0,"264,900",," Left Rear Damage, Structural Damage, Selling De-Registered","Automatic,",3,Petrol,https://manheim.co.nz/damaged-vehicles/000000000007270830/2009-nissan-caravan-van?referringPage=SearchResults
Subaru,Legacy,No,$0,N/A,," Right Rear Damage, Right Side Damage, Selling De-Registered","Automatic,",5,Petrol,https://manheim.co.nz/damaged-vehicles/000000000007270887/2008-subaru-legacy-sedan?referringPage=SearchResults
Mazda,Demio,No,$400,N/A,," Rear Damage, Structural Damage, Selling De-Registered","Automatic,",5,Petrol,https://manheim.co.nz/damaged-vehicles/000000000007270899/2008-mazda-demio-hatch?referringPage=SearchResults
Holden,Captiva,Yes,$0,N/A,, Selling Registered,"6spd Automatic,",7,Petrol,https://manheim.co.nz/damaged-vehicles/000000000007270908/2015-holden-captiva-7-ls-equipe-2-4p-6a-station-wagon?referringPage=SearchResults
Hyundai,Santa FE,No,N/A,"202,953",, Selling De-Registered,"6spd Automatic,",7,N/A,https://manheim.co.nz/damaged-vehicles/000000000007260922/2016-hyundai-santa-fe-dm-2-2d-elite-5d-station-wagon?referringPage=SearchResults
Subaru,Impreza,Yes,$800,"225,130",," Ignition Damage, Left Side Damage, Vandalised - Interior, Stolen & Recovered, Selling Registered","Automatic,",5,Petrol,https://manheim.co.nz/damaged-vehicles/000000000007270956/2001-subaru-impreza-wrx-sedan?referringPage=SearchResults
Mazda,E1800,No,$0,"224,554",," Rear Damage, Structural Damage, Selling De-Registered",N/A,3,Petrol,https://manheim.co.nz/damaged-vehicles/000000000007270973/2011-mazda-e1800-van-swb-1-8-egi-m5-van?referringPage=SearchResults
Toyota,Camry,No,N/A,"133,654",," Left Rear Damage, Rear Damage, Right Rear Damage, Structural Damage, Selling De-Registered","Automatic,",5,Hybrid,https://manheim.co.nz/damaged-vehicles/000000000007270979/2016-toyota-camry-sedan?referringPage=SearchResults
Toyota,Markx,No,$600,N/A,," Front Damage, Rear Damage, Structural Damage, Selling De-Registered","Automatic,",5,Petrol,https://manheim.co.nz/damaged-vehicles/000000000007251041/2007-toyota-markx-sedan?referringPage=SearchResults
Ford,Ranger,No,N/A,"109,703",," Rolled, Airbags Deployed, Structural Damage, Selling De-Registered","Automatic,",5,Diesel,https://manheim.co.nz/damaged-vehicles/000000000007261103/2017-ford-ranger-xlt-double-cab-w-s-dual-cab-utility?referringPage=SearchResults
Subaru,XV,No,$0,"121,519",," Front Damage, Structural Damage, Selling De-Registered","Automatic,",5,Hybrid,https://manheim.co.nz/damaged-vehicles/000000000007271141/2014-subaru-xv-sedan?referringPage=SearchResults
Holden,Captiva,No,$600,"313,728",," Front Damage, Structural Damage, Selling De-Registered","Automatic,",7,Petrol,https://manheim.co.nz/damaged-vehicles/000000000007271188/2011-holden-captiva-7-cx-awd-3-0-at-station-wagon?referringPage=SearchResults
Subaru,Impreza,No,$600,"180,088",," Front Damage, Structural Damage, Selling De-Registered","Automatic,",5,Petrol,https://manheim.co.nz/damaged-vehicles/000000000007271345/2009-subaru-impreza-hatch?referringPage=SearchResults
BMW,X3,No,$0,N/A,," Front Damage, Rear Damage, Structural Damage, Selling De-Registered","Automatic,",5,Petrol,https://manheim.co.nz/damaged-vehicles/000000000007261367/2009-bmw-x3-touring?referringPage=SearchResults
Nissan,Elgrand,No,$0,N/A,," Left Rear Damage, Structural Damage, Selling De-Registered","Automatic,",8,Petrol,https://manheim.co.nz/damaged-vehicles/000000000007261370/2006-nissan-elgrand-station-wagon?referringPage=SearchResults
Yamaha,YZF,No,$500,N/A,," Left Front Damage, Left Side Damage, Right Rear Damage, Right Side Damage, Vandalised - Entire Vehicle, Stolen & Recovered, Selling De-Registered","Manual,",N/A,Petrol,https://manheim.co.nz/damaged-vehicles/000000000007261398/2016-yamaha-yzf-r3af-motorcycle?referringPage=SearchResults
Mercedes-Benz,C,Yes,$800,"122,797",," Stolen & Recovered, Selling Registered","Automatic,",5,Petrol,https://manheim.co.nz/damaged-vehicles/000000000007261411/2007-mercedes-benz-c-c280-avantgarde-sedan?referringPage=SearchResults
Toyota,Hiace,No,N/A,"182,545",," Left Side Damage, Structural Damage, Selling De-Registered","Automatic,",3,Petrol,https://manheim.co.nz/damaged-vehicles/000000000007261430/2007-toyota-hiace-regius-ace-van?referringPage=SearchResults
Mazda,Demio,Yes,"$1,300","196,798",," Ignition Damage, Left Rear Damage, Vandalised - Interior, Stolen & Recovered, Selling Registered","Automatic,",5,Petrol,https://manheim.co.nz/damaged-vehicles/000000000007271460/2006-mazda-demio-hatch?referringPage=SearchResults
Mazda,RX-8,No,$0,"201,390",,N/A,"Manual,",4,Petrol,https://manheim.co.nz/damaged-vehicles/000000000007271461/2005-mazda-rx-8-coup%C3%A9?referringPage=SearchResults
Honda,Vezel,No,$0,"136,881",," Front Damage, Left Front Damage, Right Front Damage, Structural Damage, Selling De-Registered","Automatic,",5,Hybrid,https://manheim.co.nz/damaged-vehicles/000000000007271466/2014-honda-vezel-hybrid-hatch?referringPage=SearchResults
Audi,A4,No,$0,"159,184",, Selling De-Registered,"Automatic,",5,Diesel,https://manheim.co.nz/damaged-vehicles/000000000007271467/2012-audi-a4-2-0-tdi-multi-avant-station-wagon?referringPage=SearchResults
Mercedes-Benz,C,Yes,$500,N/A,," Left Side Damage, Selling Registered","Automatic,",4,Petrol,https://manheim.co.nz/damaged-vehicles/000000000007271468/2005-mercedes-benz-c-1-8p5spa2drcoupe-cabriolet?referringPage=SearchResults
Mazda,Demio,No,$600,"246,809",," Ignition Damage, Left Rear Damage, Vandalised - Interior, Stolen & Recovered, Selling De-Registered","Automatic,",5,Petrol,https://manheim.co.nz/damaged-vehicles/000000000007271471/2004-mazda-demio-1300-hatch?referringPage=SearchResults
Mitsubishi,Lancer,Yes,$600,"167,403",," Front Damage, Left Side Damage, Rear Damage, Right Side Damage, Selling Registered","4spd Automatic,",5,Petrol,https://manheim.co.nz/damaged-vehicles/000000000007271482/2005-mitsubishi-lancer-2-0p-es-sedan-a-sedan?referringPage=SearchResults
KTM,1290,No,"$3,100","11,832",," Front Damage, Rolled, Right Rear Damage, Structural Damage, Selling De-Registered","Manual,",N/A,Petrol,https://manheim.co.nz/damaged-vehicles/000000000007271486/2023-ktm-1290-superduke-r-motorcycle?referringPage=SearchResults
Toyota,Camry,No,N/A,N/A,," Left Front Damage, Left Side Damage, Structural Damage, Selling De-Registered",N/A,5,Hybrid,https://manheim.co.nz/damaged-vehicles/000000000007251484/2020-toyota-camry-sedan?referringPage=SearchResults
Porsche,Panamera S 4.8L V8,Yes,"$4,900","138,196",," Right Front Damage, Selling Registered",N/A,4,Petrol,https://manheim.co.nz/damaged-vehicles/000000000007251508/2010-porsche-panamera-s-4-8l-v8-hatch?referringPage=SearchResults
Nissan,Tiida,Yes,"$1,300","126,539",," Glass Broken, Interior Damage, Ignition Damage, Stolen & Recovered, Selling Registered","Automatic,",5,Petrol,https://manheim.co.nz/damaged-vehicles/000000000007271511/2008-nissan-tiida-sedan?referringPage=SearchResults
Honda,Accord,No,$0,N/A,," Right Front Damage, Structural Damage, Selling De-Registered",N/A,5,Hybrid,https://manheim.co.nz/damaged-vehicles/000000000007241526/2013-honda-accord-sedan?referringPage=SearchResults
Mercedes-Benz,E220,No,N/A,"289,778",," Left Rear Damage, Rear Damage, Structural Damage, Selling De-Registered","7spd Automatic,",5,Diesel,https://manheim.co.nz/damaged-vehicles/000000000007271545/2013-mercedes-benz-e220-cdi-sedan?referringPage=SearchResults
Ford,Focus,No,$400,N/A,," Front Damage, Rear Damage, Structural Damage, Selling De-Registered","5spd Automatic,",5,Petrol,https://manheim.co.nz/damaged-vehicles/000000000007271549/2010-ford-focus-1-6-a-hatch-hatch?referringPage=SearchResults
Mazda,Familia,Yes,$600,N/A,," Glass Broken, Ignition Damage, Right Rear Damage, Stolen & Recovered, Selling Registered","Automatic,",5,Petrol,https://manheim.co.nz/damaged-vehicles/000000000007271550/2002-mazda-familia-sport-20-station-wagon?referringPage=SearchResults
Nissan,Tiida,Yes,$500,"155,212",," Glass Broken, Ignition Damage, Right Rear Damage, Vandalised - Interior, Stolen & Recovered, Selling Registered","Automatic,",5,Petrol,https://manheim.co.nz/damaged-vehicles/000000000007271569/2004-nissan-tiida-latio-sedan?referringPage=SearchResults
LDV,Deliver 9,No,N/A,"99,483",, Selling De-Registered,N/A,2,N/A,https://manheim.co.nz/damaged-vehicles/000000000007261576/2021-ldv-deliver-9-bigger-auto-2-0dt-high-roof-van?referringPage=SearchResults
Toyota,Vitz,No,$0,N/A,," Right Rear Damage, Structural Damage, Suspension Damage, Selling De-Registered","Automatic,",5,Petrol,https://manheim.co.nz/damaged-vehicles/000000000007271644/2009-toyota-vitz-hatch?referringPage=SearchResults
TIGERCAT,630c,No,"$5,000",N/A,, Non Reg Item,N/A,N/A,Diesel,https://manheim.co.nz/damaged-vehicles/000000000007081694/tigercat-630c-skidder?referringPage=SearchResults
Toyota,Vitz,No,$500,N/A,," Structural Damage, Selling De-Registered","Automatic,",5,Petrol,https://manheim.co.nz/damaged-vehicles/000000000007261715/2005-toyota-vitz-hatch?referringPage=SearchResults
MCCORMICK,X6-430LSVT,No,"$60,000","3,333 HR Showing, Transmission, CVT, Engine, 4.5L, Drive Type, 4x4, Fuel Type, Diese",, Selling Registered,"CVT,",N/A,Diesel,https://manheim.co.nz/damaged-vehicles/000000000007151751/2019-mccormick-x6-430lsvt-tractor?referringPage=SearchResults
Nissan,Skyline,Yes,$500,"126,891",," Front Damage, Left Front Damage, Rear Damage, Right Front Damage, Selling Registered","Automatic,",4,Petrol,https://manheim.co.nz/damaged-vehicles/000000000007261801/2007-nissan-skyline-370gt-sedan?referringPage=SearchResults
Mazda,CX-5,No,$0,"179,947",," Left Side Damage, Structural Damage, Selling De-Registered","5spd,",5,Petrol,https://manheim.co.nz/damaged-vehicles/000000000007261809/2012-mazda-cx-5-station-wagon?referringPage=SearchResults
Suzuki,SV1000,No,$950,N/A,," Vandalised - Entire Bike, Stolen & Recovered, Selling De-Registered",N/A,N/A,Petrol,https://manheim.co.nz/damaged-vehicles/000000000007271824/2006-suzuki-sv1000-sk6-motorcycle?referringPage=SearchResults
Yamaha,MT-03,No,$600,"54,566",," Structural Damage, Selling De-Registered","Manual,",N/A,Petrol,https://manheim.co.nz/damaged-vehicles/000000000007271827/2016-yamaha-mt-03-la-motorcycle?referringPage=SearchResults
Toyota,Vitz,No,$0,"115,291",," Right Side Damage, Structural Damage, Selling De-Registered","Automatic,",5,Petrol,https://manheim.co.nz/damaged-vehicles/000000000007271878/2007-toyota-vitz-hatch?referringPage=SearchResults
Piaggio,Vespa,No,$150,N/A,," Left Front Damage, Left Rear Damage, Left Side Damage, Structural Damage, Selling De-Registered","Automatic,",N/A,Petrol,https://manheim.co.nz/damaged-vehicles/000000000007271880/2006-piaggio-vespa-gts250-ie-scooter?referringPage=SearchResults
Toyota,Camry,No,N/A,"194,118",," Rear Damage, Structural Damage, Selling De-Registered","CVT,",5,Hybrid,https://manheim.co.nz/damaged-vehicles/000000000007271881/2019-toyota-camry-gx-2-5ph-cvt-sedan?referringPage=SearchResults
TNT MOTOR,Roma,No,$50,88,," Right Front Damage, Right Rear Damage, Structural Damage, Selling De-Registered",N/A,N/A,Petrol,https://manheim.co.nz/damaged-vehicles/000000000007271897/2025-tnt-motor-roma-2t-scooter?referringPage=SearchResults
Mazda,Axela,No,$200,N/A,," Front Damage, Left Side Damage, Structural Damage, Selling De-Registered","Automatic,",5,Petrol,https://manheim.co.nz/damaged-vehicles/000000000007271957/2005-mazda-axela-1500-hatch?referringPage=SearchResults
Toyota,Corolla,Yes,$600,"226,636",," Left Rear Damage, Left Side Damage, Selling Registered","4spd Automatic,",5,Petrol,https://manheim.co.nz/damaged-vehicles/000000000007271973/1999-toyota-corolla-1-6p-xl-hatch-4a-hatch?referringPage=SearchResults
FORZA,Ciclone,No,$1,892,," Front Damage, Left Rear Damage, Front Fork Damaged, Frame Damaged, Right Rear Damage, Structural Damage, Selling De-Registered",N/A,N/A,Petrol,https://manheim.co.nz/damaged-vehicles/000000000007271995/2025-forza-ciclone-scooter?referringPage=SearchResults
Mitsubishi,Galant 2.0 GLXi A SE,Yes,$400,"169,741",," Front Damage, Selling Registered","Automatic,",5,Petrol,https://manheim.co.nz/damaged-vehicles/000000000007272124/1995-mitsubishi-galant-2-0-glxi-a-se-sedan?referringPage=SearchResults
Vespa,LX,No,$50,"16,972",," Ignition Damage, Stolen & Recovered, Selling De-Registered","Automatic,",N/A,Petrol,https://manheim.co.nz/damaged-vehicles/000000000007272126/2014-vespa-lx-50-scooter?referringPage=SearchResults
Mazda,Atenza,No,$600,"230,737",," Front Damage, Airbags Deployed, Structural Damage, Selling De-Registered","5spd Automatic,",5,Petrol,https://manheim.co.nz/damaged-vehicles/000000000007272129/2011-mazda-atenza-station-wagon?referringPage=SearchResults
Toyota,Aqua,No,$0,"68,716",," Front Damage, Left Front Damage, Left Rear Damage, Rear Damage, Right Rear Damage, Structural Damage, Selling De-Registered","Automatic,",5,Hybrid,https://manheim.co.nz/damaged-vehicles/000000000007272143/2017-toyota-aqua-hatch?referringPage=SearchResults
Nissan,Vanette,No,$500,"168,404",," Front Damage, Structural Damage, Selling De-Registered","4spd Automatic,",3,Petrol,https://manheim.co.nz/damaged-vehicles/000000000007272153/2002-nissan-vanette-van?referringPage=SearchResults
Toyota,Corolla,Yes,$300,"305,226",," Left Side Damage, Selling Registered","Automatic,",5,Petrol,https://manheim.co.nz/damaged-vehicles/000000000007272162/1997-toyota-corolla-tiara-hatch?referringPage=SearchResults
Nissan,Tiida,No,$600,"111,597",," Glass Broken, Ignition Damage, Left Rear Damage, Structural Damage, Stolen & Recovered, Selling De-Registered","Automatic,",5,Petrol,https://manheim.co.nz/damaged-vehicles/000000000007272169/2008-nissan-tiida-hatch?referringPage=SearchResults
Nissan,Wingroad,No,$0,"181,169",," Front Damage, Structural Damage, Selling De-Registered","Automatic,",5,Petrol,https://manheim.co.nz/damaged-vehicles/000000000007272181/2009-nissan-wingroad-1-8-petrol-wagon-station-wagon?referringPage=SearchResults
Ford,Focus,No,$0,"115,357",," Front Damage, Structural Damage, Selling De-Registered","Automatic,",5,Diesel,https://manheim.co.nz/damaged-vehicles/000000000007272189/2016-ford-focus-trend-diesel-2-0d-6-hatch?referringPage=SearchResults
Mazda,Demio,No,$400,"160,154",," Vandalised - Interior, Structural Damage, Stolen & Recovered, Selling De-Registered","Automatic,",5,Petrol,https://manheim.co.nz/damaged-vehicles/000000000007272214/2004-mazda-demio-hatch?referringPage=SearchResults
Mitsubishi,ASX,No,N/A,"34,031",," Front Damage, Rear Damage, Structural Damage, Selling De-Registered","CVT,",5,Petrol,https://manheim.co.nz/damaged-vehicles/000000000007272241/2022-mitsubishi-asx-ls-2-0p-cvt-station-wagon?referringPage=SearchResults
Subaru,Impreza,Yes,"$1,450","181,040",," Ignition Damage, Vandalised - Interior, Stolen & Recovered, Selling Registered","Automatic,",5,Petrol,https://manheim.co.nz/damaged-vehicles/000000000007272266/2013-subaru-impreza-hatch?referringPage=SearchResults
Suzuki,Swift,No,$400,"252,708",," Airbags Deployed, Right Front Damage, Structural Damage, Selling De-Registered","Automatic,",5,Petrol,https://manheim.co.nz/damaged-vehicles/000000000007272278/2007-suzuki-swift-glxha2-1-5-5dr-hatch?referringPage=SearchResults
BMW,X1 SDRIVE18I,No,"$2,400","119,004",, Selling Registered,"6spd Automatic,",5,Petrol,https://manheim.co.nz/damaged-vehicles/000000000007262283/2011-bmw-x1-sdrive18i-sav-6a-5dr-2-0l-touring?referringPage=SearchResults
Holden,Colorado,No,N/A,1,," Chassis Damage, Rear Damage, Structural Damage, Selling De-Registered","5spd Manual,",5,Diesel,https://manheim.co.nz/damaged-vehicles/000000000007152291/2014-holden-colorado-ltz-dc-pu-2-8d-4wd--dual-cab-utility?referringPage=SearchResults
Subaru,Impreza,No,$1,N/A,," Fire Damage, Structural Damage, Selling De-Registered","Automatic,",5,Petrol,https://manheim.co.nz/damaged-vehicles/000000000007272296/2012-subaru-impreza-hatch?referringPage=SearchResults
Toyota,Prius,No,$0,"108,768",," Front Damage, Rear Damage, Structural Damage, Selling De-Registered","Automatic,",5,Hybrid,https://manheim.co.nz/damaged-vehicles/000000000007272299/2011-toyota-prius-hybrid-hatch?referringPage=SearchResults
Toyota,Aqua,No,$0,"83,834",," Right Front Damage, Right Rear Damage, Vandalised - Interior, Structural Damage, Selling De-Registered",N/A,5,Hybrid,https://manheim.co.nz/damaged-vehicles/000000000007252459/2012-toyota-aqua-hatch?referringPage=SearchResults
Nissan,X-trail,No,N/A,"135,378",," Airbags Deployed, Front Damage, Left Front Damage, Left Side Damage, Airbags Deployed, Structural Damage, Selling De-Registered","Automatic,",5,Petrol,https://manheim.co.nz/damaged-vehicles/000000000007272488/2014-nissan-x-trail-2-5-st-l-cvt-station-wagon?referringPage=SearchResults
Mazda,Axela,No,$0,"300,814",," Right Rear Damage, Structural Damage, Selling De-Registered","Automatic,",5,Petrol,https://manheim.co.nz/damaged-vehicles/000000000007272595/2004-mazda-axela-hatch?referringPage=SearchResults
Toyota,Alphard,No,$0,N/A,," Rolled, Structural Damage, Selling De-Registered","Automatic,",8,Petrol,https://manheim.co.nz/damaged-vehicles/000000000007272739/2004-toyota-alphard-station-wagon?referringPage=SearchResults
SWIFT,Explorer,No,"$18,850",N/A,0," Left Side Damage, Structural Damage, Selling De-Registered",N/A,N/A,N/A,https://manheim.co.nz/damaged-vehicles/000000000007272747/2025-swift-explorer-caravan?referringPage=SearchResults
Toyota,Hilux,No,N/A,"345,185",," Front Damage, Structural Damage, Selling De-Registered","Manual,",5,Diesel,https://manheim.co.nz/damaged-vehicles/000000000007272775/2009-toyota-hilux-3-0td-2wd-dc-5m-dual-cab-utility?referringPage=SearchResults
Suzuki,GSX250,No,$500,912,," Front Damage, Left Side Damage, Rear Damage, Structural Damage, Selling De-Registered","Manual,",N/A,Petrol,https://manheim.co.nz/damaged-vehicles/000000000007272796/2025-suzuki-gsx250-frlm5-motorcycle?referringPage=SearchResults
Land Rover,Range Rover Sport,No,N/A,"247,191",," Interior Damage, Selling De-Registered","Automatic,",5,Diesel,https://manheim.co.nz/damaged-vehicles/000000000007272798/2015-land-rover-range-rover-sport-sdv8hsedynamic-4-4d-station-wagon?referringPage=SearchResults
Toyota,Starlet,No,$0,"279,067",," Left Side Damage, Structural Damage, Selling De-Registered","Automatic,",5,Petrol,https://manheim.co.nz/damaged-vehicles/000000000007272836/1998-toyota-starlet-reflet-hatch?referringPage=SearchResults
Nissan,Leaf,No,$0,"120,149",," Roof Damage, Rolled, Right Side Damage, Structural Damage, Selling De-Registered","Automatic, Fuel Type, Electri",5,Electric,https://manheim.co.nz/damaged-vehicles/000000000007272839/2017-nissan-leaf-hatch?referringPage=SearchResults
Audi,A4,No,N/A,"124,000",," Front Damage, Structural Damage, Selling De-Registered","Automatic,",5,Petrol,https://manheim.co.nz/damaged-vehicles/000000000007272915/2013-audi-a4-sedan?referringPage=SearchResults
Mitsubishi,L300,No,$0,"262,350",," Front Damage, Left Front Damage, Roof Damage, Structural Damage, Selling De-Registered","5spd Manual,",3,Petrol,https://manheim.co.nz/damaged-vehicles/000000000007272937/2007-mitsubishi-l300-2-4p-swb-4dr-m-van?referringPage=SearchResults
LDV,V80,No,N/A,"129,639",," Front Damage, Structural Damage, Selling De-Registered","Automatic,",3,Diesel,https://manheim.co.nz/damaged-vehicles/000000000007273001/2019-ldv-v80-big-amt-2-5d-6am-van?referringPage=SearchResults
Honda,fit,No,$500,"175,741",," Front Damage, Structural Damage, Selling De-Registered","Automatic,",5,Petrol,https://manheim.co.nz/damaged-vehicles/000000000007273009/2005-honda-fit-hatch?referringPage=SearchResults
Honda,fit,No,$400,"157,663",," Right Front Damage, Structural Damage, Selling De-Registered","Automatic,",5,Petrol,https://manheim.co.nz/damaged-vehicles/000000000007273010/2004-honda-fit-hatch?referringPage=SearchResults
Honda,Odyssey,No,$500,N/A,," Front Damage, Left Front Damage, Left Rear Damage, Rear Damage, Structural Damage, Selling De-Registered","5spd Automatic,",7,Petrol,https://manheim.co.nz/damaged-vehicles/000000000007263017/2006-honda-odyssey-vtil-7st-2-4-5dr-5a-station-wagon?referringPage=SearchResults
MAILLEUX,75U FEL,No,$450,N/A,0, Selling De-Registered,N/A,N/A,N/A,https://manheim.co.nz/damaged-vehicles/000000000007273139/mailleux-75u-fel-loader--front-end-?referringPage=SearchResults
Toyota,Hiace,No,$0,"349,047",0," Left Side Damage, Rolled, Structural Damage, Selling De-Registered",N/A,5,Petrol,https://manheim.co.nz/damaged-vehicles/000000000007263175/2013-toyota-hiace-van?referringPage=SearchResults
Nissan,Pulsar,No,$500,"166,263",," Left Front Damage, Structural Damage, Selling De-Registered","5spd Manual,",5,Petrol,https://manheim.co.nz/damaged-vehicles/000000000007263194/2004-nissan-pulsar-1-8-ls-hatch-man-hatch?referringPage=SearchResults
Holden,Equinox,No,N/A,"76,705",," Interior Damage, Water Damage, Selling De-Registered","6spd Automatic,",5,Diesel,https://manheim.co.nz/damaged-vehicles/000000000007273245/2018-holden-equinox-ltz-v-1-6dt-4wd-6at-station-wagon?referringPage=SearchResults
Suzuki,Aerio,No,$200,N/A,," Airbags Deployed, Front Damage, Left Front Damage, Left Rear Damage, Left Side Damage, Right Front Damage, Structural Damage, Selling De-Registered","Automatic,",5,Petrol,https://manheim.co.nz/damaged-vehicles/000000000007273252/2002-suzuki-aerio-sedan?referringPage=SearchResults
Ford,Mondeo,Yes,$600,"361,883",," Front Damage, Has Key, Right Front Damage, Selling Registered","Automatic,",5,Diesel,https://manheim.co.nz/damaged-vehicles/000000000007253270/2011-ford-mondeo-zetec-wag-station-wagon?referringPage=SearchResults
Kia,Soul,No,$0,N/A,," Front Damage, Structural Damage, Selling De-Registered","6spd Automatic,",5,Petrol,https://manheim.co.nz/damaged-vehicles/000000000007263283/2014-kia-soul-sx-2-0p-6at-ha-5dr--hatch?referringPage=SearchResults
Nissan,Tiida,No,$200,N/A,," Front Damage, Left Side Damage, Airbags Deployed, Underbody Damage, Structural Damage, Selling De-Registered","4spd Automatic,",5,Petrol,https://manheim.co.nz/damaged-vehicles/000000000007273369/2005-nissan-tiida-hatch?referringPage=SearchResults
Mitsubishi,Pajero,No,N/A,"109,989",, Selling De-Registered,"Automatic,",7,Diesel,https://manheim.co.nz/damaged-vehicles/000000000007273374/2013-mitsubishi-pajero-station-wagon?referringPage=SearchResults
Subaru,Impreza,No,$0,"98,154",," Ignition Damage, Left Side Damage, Right Side Damage, Vandalised - Interior, Airbags Deployed, Stolen & Recovered, Suspension Damage, Selling De-Registered","Automatic,",5,Petrol,https://manheim.co.nz/damaged-vehicles/000000000007273381/2012-subaru-impreza-hatch?referringPage=SearchResults
Nissan,Skyline,No,$0,"179,653",," Right Side Damage, Structural Damage, Under Body Damage, Selling De-Registered","Automatic,",5,Petrol,https://manheim.co.nz/damaged-vehicles/000000000007273382/2008-nissan-skyline-sedan?referringPage=SearchResults
Mazda,Axela,No,$600,"122,781",," Left Side Damage, Structural Damage, Selling De-Registered","Automatic,",5,Petrol,https://manheim.co.nz/damaged-vehicles/000000000007273384/2004-mazda-axela-hatch?referringPage=SearchResults
Mitsubishi,Colt,No,$600,"161,885",," Glass Broken, Interior Damage, Ignition Damage, Malicious/Vandalised, Structural Damage, Suspension Damage, Selling De-Registered","Automatic,",5,Petrol,https://manheim.co.nz/damaged-vehicles/000000000007273388/2005-mitsubishi-colt-1500-station-wagon?referringPage=SearchResults
Mazda,Demio,No,$600,"232,151",," Front Damage, Airbags Deployed, Structural Damage, Selling De-Registered","Automatic,",5,Petrol,https://manheim.co.nz/damaged-vehicles/000000000007273389/2008-mazda-demio-hatch?referringPage=SearchResults
Hyundai,Elantra,No,$0,"140,850",," Front Damage, Left Side Damage, Structural Damage, Suspension Damage, Selling De-Registered","4spd Automatic,",5,Petrol,https://manheim.co.nz/damaged-vehicles/000000000007263407/2004-hyundai-elantra-2-0-gls-5d-a4-hatch?referringPage=SearchResults
Kia,Sorento,No,N/A,"58,931",," Right Rear Damage, Structural Damage, Selling De-Registered","6spd Automatic,",7,Hybrid,https://manheim.co.nz/damaged-vehicles/000000000007273457/2022-kia-sorento-phev-ex-phev-4wd-6a-station-wagon?referringPage=SearchResults
Mitsubishi,Grandis,No,$0,"220,287",," Rear Damage, Structural Damage, Selling De-Registered","5spd Automatic,",7,Petrol,https://manheim.co.nz/damaged-vehicles/000000000007273458/2003-mitsubishi-grandis-station-wagon?referringPage=SearchResults
BMW,330i,Yes,$700,"151,919",," Front Damage, Selling Registered","Automatic,",5,Petrol,https://manheim.co.nz/damaged-vehicles/000000000007273463/2000-bmw-330i-sedan-sedan?referringPage=SearchResults
Toyota,Dyna,No,"$6,250","289,393",2," Right Front Damage, Structural Damage, Selling De-Registered","Automatic,",3,N/A,https://manheim.co.nz/damaged-vehicles/000000000007273478/1999-toyota-dyna-tray?referringPage=SearchResults
Mitsubishi,Colt Plus,No,$300,"64,669",," Left Side Damage, Structural Damage, Selling De-Registered","5spd Automatic,",5,Petrol,https://manheim.co.nz/damaged-vehicles/000000000007273486/2007-mitsubishi-colt-plus-1-5p-ls-5dr-hatch?referringPage=SearchResults
Nissan,Serena,No,N/A,"106,050",," Left Side Damage, Right Side Damage, Structural Damage, Selling De-Registered","Automatic,",8,Hybrid,https://manheim.co.nz/damaged-vehicles/000000000007273491/2014-nissan-serena-station-wagon?referringPage=SearchResults
Toyota,Prius,No,$0,"154,597",," Front Damage, Glass Broken, Left Front Damage, Left Side Damage, Structural Damage, Selling De-Registered",N/A,7,Hybrid,https://manheim.co.nz/damaged-vehicles/000000000007273493/2013-toyota-prius-alpha-hybrid-hatch?referringPage=SearchResults
Harley-Davidson,V-rod,No,"$2,300",N/A,," Left Front Damage, Right Front Damage, Structural Damage, Selling De-Registered","Manual,",N/A,Petrol,https://manheim.co.nz/damaged-vehicles/000000000007273496/2006-harley-davidson-v-rod-motorcycle?referringPage=SearchResults
Nissan,Cube,No,$400,N/A,," Left Front Damage, Left Side Damage, Selling De-Registered","Automatic,",19,Petrol,https://manheim.co.nz/damaged-vehicles/000000000007273497/2012-nissan-cube-hatch?referringPage=SearchResults
Toyota,Passo,No,$0,N/A,," Front Damage, Structural Damage, Selling De-Registered","Automatic,",5,Petrol,https://manheim.co.nz/damaged-vehicles/000000000007273533/2008-toyota-passo-hatch?referringPage=SearchResults
Triumph,Tiger Explorer,No,"$1,500","46,683",," Front Damage, Left Side Damage, Structural Damage, Selling De-Registered","6spd,",N/A,Petrol,https://manheim.co.nz/damaged-vehicles/000000000007263538/2015-triumph-tiger-explorer-motorcycle?referringPage=SearchResults
Nissan,Tiida,No,$500,"138,715",," Front Damage, Structural Damage, Suspension Damage, Selling De-Registered","Automatic,",5,Petrol,https://manheim.co.nz/damaged-vehicles/000000000007273540/2008-nissan-tiida-hatch?referringPage=SearchResults
Mazda,CX-5,No,$0,"134,719",," Front Damage, Rear Damage, Right Side Damage, Structural Damage, Selling De-Registered","Automatic,",5,Diesel,https://manheim.co.nz/damaged-vehicles/000000000007273551/2012-mazda-cx-5-station-wagon?referringPage=SearchResults
Mazda,Demio,No,$300,N/A,," Airbags Deployed, Front Damage, Structural Damage, Selling De-Registered","Automatic,",5,Diesel,https://manheim.co.nz/damaged-vehicles/000000000007273552/2014-mazda-demio-hatch?referringPage=SearchResults
Toyota,Markx,No,$600,N/A,," Airbags Deployed, Front Damage, Glass Broken, Left Side Damage, Roof Damage, Right Side Damage, Airbags Deployed, Structural Damage, Selling De-Registered","Automatic,",5,Petrol,https://manheim.co.nz/damaged-vehicles/000000000007263558/2006-toyota-markx-sedan?referringPage=SearchResults
Honda,Civic,No,$200,"259,260",," Airbags Deployed, Front Damage, Left Front Damage, Right Front Damage, Structural Damage, Selling De-Registered","Automatic,",5,Petrol,https://manheim.co.nz/damaged-vehicles/000000000007273562/2001-honda-civic-vti-s-1-7-4d-sed-cv-sedan?referringPage=SearchResults
Toyota,Highlander,No,$0,"195,384",," Front Damage, Left Front Damage, Structural Damage, Selling De-Registered","Automatic,",5,Petrol,https://manheim.co.nz/damaged-vehicles/000000000007273574/2005-toyota-highlander-3-3p-4wd-5a-station-wagon?referringPage=SearchResults
Mazda,Axela,No,$400,N/A,," Front Damage, Fire Damage, Left Front Damage, Fire - Interior, Structural Damage, Selling De-Registered","Automatic,",5,Petrol,https://manheim.co.nz/damaged-vehicles/000000000007263571/2012-mazda-axela-hatch?referringPage=SearchResults
Harley-Davidson,Sportster,Yes,"$2,850",N/A,," Right Side Damage, Selling Registered","Manual,",N/A,Petrol,https://manheim.co.nz/damaged-vehicles/000000000007263624/2007-harley-davidson-sportster-08-custom-883-motorcycle?referringPage=SearchResults
Honda,fit,No,$600,"224,801",," Left Rear Damage, Rear Damage, Right Rear Damage, Structural Damage, Selling De-Registered","Automatic,",5,Petrol,https://manheim.co.nz/damaged-vehicles/000000000007273620/2004-honda-fit-hatch?referringPage=SearchResults
Suzuki,Swift,Yes,$500,"150,110",," Front Damage, Rear Damage, Selling Registered","Automatic,",5,Petrol,https://manheim.co.nz/damaged-vehicles/000000000007273632/2005-suzuki-swift-hatch?referringPage=SearchResults
Honda,fit,No,$625,"116,476",," Left Front Damage, Left Side Damage, Suspension Damage, Selling De-Registered","Automatic,",5,Petrol,https://manheim.co.nz/damaged-vehicles/000000000007273634/2006-honda-fit-hatch?referringPage=SearchResults
Nissan,March,No,$500,"107,558",," Left Rear Damage, Rear Damage, Right Rear Damage, Structural Damage, Selling De-Registered","Automatic,",5,Petrol,https://manheim.co.nz/damaged-vehicles/000000000007273655/2011-nissan-march-hatch?referringPage=SearchResults
Toyota,Aqua,No,$0,"144,782",," Left Front Damage, Right Front Damage, Structural Damage, Selling De-Registered","CVT,",5,Hybrid,https://manheim.co.nz/damaged-vehicles/000000000007273673/2017-toyota-aqua-hybrid-hatch?referringPage=SearchResults
Mazda,Axela,No,$300,"274,271",," Front Damage, Right Rear Damage, Right Side Damage, Structural Damage, Selling De-Registered","Automatic,",5,Petrol,https://manheim.co.nz/damaged-vehicles/000000000007273680/2005-mazda-axela-hatch?referringPage=SearchResults
Mazda,MAZDA3,No,$600,"248,464",," Left Side Damage, Right Front Damage, Structural Damage, Suspension Damage, Selling De-Registered","Automatic,",5,Petrol,https://manheim.co.nz/damaged-vehicles/000000000007273685/2010-mazda-mazda3-sedan-gsx-2-0-auto-sedan?referringPage=SearchResults
Mazda,Demio,No,$0,"129,418",," Right Front Damage, Structural Damage, Selling De-Registered","Automatic,",5,Petrol,https://manheim.co.nz/damaged-vehicles/000000000007273692/2008-mazda-demio-hatch?referringPage=SearchResults
Honda,Accord,No,$300,N/A,," Front Damage, Left Front Damage, Left Rear Damage, Left Side Damage, Right Front Damage, Right Rear Damage, Right Side Damage, Structural Damage, Selling De-Registered","Automatic,",5,Petrol,https://manheim.co.nz/damaged-vehicles/000000000007273697/1998-honda-accord-sir-t-sedan?referringPage=SearchResults
CHERY,Tiggo 4 PRO,No,N/A,199,," Left Side Damage, Structural Damage, Selling De-Registered","CVT,",5,Petrol,https://manheim.co.nz/damaged-vehicles/000000000007263701/2025-chery-tiggo-4-pro-urban-1-5pt-cvt-station-wagon?referringPage=SearchResults
Mazda,Axela,No,$500,"136,199",," Left Side Damage, Structural Damage, Selling De-Registered","Automatic,",5,Petrol,https://manheim.co.nz/damaged-vehicles/000000000007273828/2006-mazda-axela-sport-hatch?referringPage=SearchResults
Suzuki,SX4 S-cross,No,$0,"66,891",," Airbags Deployed, Right Front Damage, Structural Damage, Selling De-Registered","6spd Automatic,",5,Petrol,https://manheim.co.nz/damaged-vehicles/000000000007273830/2017-suzuki-sx4-s-cross-ltd-turbo-1-4pt-6at-hatch?referringPage=SearchResults
Ford,Mondeo,Yes,$500,"213,836",," Left Front Damage, Right Front Damage, Selling Registered","Automatic,",5,Diesel,https://manheim.co.nz/damaged-vehicles/000000000007273836/2011-ford-mondeo-zetec-2-0td-a-hatch?referringPage=SearchResults
Honda,Civic,Yes,$500,"158,965",," Front Damage, Left Front Damage, Right Front Damage, Selling Registered","Automatic,",5,Petrol,https://manheim.co.nz/damaged-vehicles/000000000007273839/1996-honda-civic-vti-sedan?referringPage=SearchResults
Mazda,Demio,Yes,$700,"92,636",," Glass Broken, Ignition Damage, Right Rear Damage, Vandalised - Interior, Stolen & Recovered, Selling Registered","Automatic,",5,Petrol,https://manheim.co.nz/damaged-vehicles/000000000007273840/2002-mazda-demio-hatch?referringPage=SearchResults
Subaru,Impreza,No,$500,"173,714",," Left Rear Damage, Structural Damage, Selling De-Registered","Automatic,",5,Petrol,https://manheim.co.nz/damaged-vehicles/000000000007273841/2005-subaru-impreza-hatch?referringPage=SearchResults
Mazda,Demio,No,$1,N/A,," Fire Damage, Fire - Entire Vehicle, Structural Damage, Selling De-Registered","Automatic,",5,Petrol,https://manheim.co.nz/damaged-vehicles/000000000007273844/2005-mazda-demio-station-wagon?referringPage=SearchResults
Mazda,Eunos Roadster,Yes,$700,"131,122",," Glass Broken, Ignition Damage, Vandalised - Entire Vehicle, Stolen & Recovered, Selling Registered","Automatic,",2,Petrol,https://manheim.co.nz/damaged-vehicles/000000000007273848/1989-mazda-eunos-roadster-roadster?referringPage=SearchResults
Honda,Ascot,No,$500,"260,850",," Front Damage, Structural Damage, Selling De-Registered","Automatic,",5,Petrol,https://manheim.co.nz/damaged-vehicles/000000000007273850/1994-honda-ascot-sedan?referringPage=SearchResults
Mitsubishi,Galant,Yes,"$1,300","158,354",," Front Damage, Selling Registered","Automatic,",5,Petrol,https://manheim.co.nz/damaged-vehicles/000000000007273854/2012-mitsubishi-galant-fortis-sedan?referringPage=SearchResults
Mazda,MAZDA2,Yes,$600,"151,508",," Front Damage, Selling Registered","Automatic,",5,Petrol,https://manheim.co.nz/damaged-vehicles/000000000007273856/2006-mazda-mazda2-hatch-5-dr-1-5-auto-hatch?referringPage=SearchResults
Nissan,Tiida,No,$400,N/A,," Airbags Deployed, Front Damage, Structural Damage, Selling De-Registered","Automatic,",5,Petrol,https://manheim.co.nz/damaged-vehicles/000000000007273859/2007-nissan-tiida-hatch?referringPage=SearchResults
Ford,Focus,No,$0,"197,112",," Airbags Deployed, Left Side Damage, Airbags Deployed, Suspension Damage, Selling De-Registered","Automatic,",5,Diesel,https://manheim.co.nz/damaged-vehicles/000000000007273862/2012-ford-focus-trend-2-0-auto-h-ds-hatch?referringPage=SearchResults
Nissan,Skyline,No,$0,"37,891",," Front Damage, Right Front Damage, Right Rear Damage, Structural Damage, Suspension Damage, Selling De-Registered","Automatic,",5,Petrol,https://manheim.co.nz/damaged-vehicles/000000000007273865/2005-nissan-skyline-sedan?referringPage=SearchResults
Nissan,Note,No,$1,N/A,," Fire Damage, Fire - Entire Vehicle, Structural Damage, Stolen & Recovered, Selling De-Registered","Automatic,",5,Petrol,https://manheim.co.nz/damaged-vehicles/000000000007273866/2012-nissan-note-hatch?referringPage=SearchResults
Subaru,Impreza,No,$600,"200,811",," Front Damage, Left Front Damage, Right Front Damage, Right Rear Damage, Structural Damage, Selling De-Registered","Automatic,",5,Petrol,https://manheim.co.nz/damaged-vehicles/000000000007273870/2010-subaru-impreza-station-wagon?referringPage=SearchResults
Toyota,Corolla,No,$625,1,," Rolled, Structural Damage, Stolen & Recovered, Selling De-Registered","Automatic,",7,Petrol,https://manheim.co.nz/damaged-vehicles/000000000007273872/2005-toyota-corolla-spacio-station-wagon?referringPage=SearchResults
Nissan,Tiida,No,$600,N/A,," Left Front Damage, Left Side Damage, Right Front Damage, Structural Damage, Stolen & Recovered, Selling De-Registered","Automatic,",5,Petrol,https://manheim.co.nz/damaged-vehicles/000000000007273876/2009-nissan-tiida-latio-sedan?referringPage=SearchResults
Mazda,Demio,No,$200,"136,459",," Left Front Damage, Structural Damage, Selling De-Registered","Automatic,",5,Petrol,https://manheim.co.nz/damaged-vehicles/000000000007273881/2006-mazda-demio-hatch?referringPage=SearchResults
Toyota,Corolla 1.6P GL Hbac,Yes,$600,"350,935",," Right Front Damage, Selling Registered","Automatic,",N/A,Petrol,https://manheim.co.nz/damaged-vehicles/000000000007273883/1995-toyota-corolla-1-6p-gl-hbac-hatch?referringPage=SearchResults
Audi,A1,No,$0,N/A,," Front Damage, Airbags Deployed, Structural Damage, Selling De-Registered",N/A,5,Petrol,https://manheim.co.nz/damaged-vehicles/000000000007273888/2016-audi-a1-hatch?referringPage=SearchResults
Hyundai,Getz,No,$600,"91,929",," Left Side Damage, Selling De-Registered","Automatic,",5,Petrol,https://manheim.co.nz/damaged-vehicles/000000000007273890/2010-hyundai-getz-1-4-5d-a4-hatch?referringPage=SearchResults
Mazda,MAZDA3,No,$500,"82,527",," Left Side Damage, Suspension Damage, Selling De-Registered","Automatic,",5,Petrol,https://manheim.co.nz/damaged-vehicles/000000000007273897/2009-mazda-mazda3-sporthatch-glx-2-0-hatch?referringPage=SearchResults
Suzuki,SV1000S,No,$825,N/A,," Ignition Damage, Left Rear Damage, Structural Damage, Stolen & Recovered, Selling De-Registered","Automatic,",N/A,Petrol,https://manheim.co.nz/damaged-vehicles/000000000007273907/2004-suzuki-sv1000s-k3-motorcycle?referringPage=SearchResults
Toyota,Markx,Yes,"$1,450",N/A,," Glass Broken, Ignition Damage, Vandalised - Interior, Stolen & Recovered, Selling Registered","Automatic,",5,Petrol,https://manheim.co.nz/damaged-vehicles/000000000007273941/2006-toyota-markx-sedan?referringPage=SearchResults
Nissan,X-trail,No,$0,"263,488",," Left Front Damage, Rear Damage, Structural Damage, Selling De-Registered","Automatic,",5,Petrol,https://manheim.co.nz/damaged-vehicles/000000000007273947/2008-nissan-x-trail-station-wagon?referringPage=SearchResults
Subaru,Impreza,No,$1,N/A,," Fire Damage, Fire - Entire Vehicle, Structural Damage, Stolen & Recovered, Selling De-Registered","Automatic,",5,Petrol,https://manheim.co.nz/damaged-vehicles/000000000007273952/2015-subaru-impreza-hatch?referringPage=SearchResults
Audi,A3,No,$600,"80,655",," Airbags Deployed, Right Front Damage, Right Side Damage, Structural Damage, Selling De-Registered","Automatic,",5,Petrol,https://manheim.co.nz/damaged-vehicles/000000000007273961/2005-audi-a3-hatch?referringPage=SearchResults
Toyota,Funcargo,No,$525,"279,077",," Front Damage, Structural Damage, Selling De-Registered","Automatic,",5,Petrol,https://manheim.co.nz/damaged-vehicles/000000000007243964/2004-toyota-funcargo-hatch?referringPage=SearchResults
Nissan,Bluebird,Yes,$700,"132,080",," Front Damage, Light Dmg, Left Front Damage, Right Front Damage, Selling Registered","Automatic,",5,Petrol,https://manheim.co.nz/damaged-vehicles/000000000007273971/2006-nissan-bluebird-sylphy-sedan?referringPage=SearchResults
Nissan,Latio,No,$0,"72,383",," Right Side Damage, Structural Damage, Selling De-Registered","Automatic,",5,Petrol,https://manheim.co.nz/damaged-vehicles/000000000007273984/2014-nissan-latio-sedan?referringPage=SearchResults
Ford,Mondeo,No,$0,"243,725",," Rear Damage, Structural Damage, Selling De-Registered","Automatic,",5,Petrol,https://manheim.co.nz/damaged-vehicles/000000000007273991/2013-ford-mondeo-2-3p-auto-hatch?referringPage=SearchResults
Nissan,Tiida,Yes,$500,N/A,," Front Damage, Glass Broken, Left Side Damage, Right Side Damage, Stolen & Recovered, Selling De-Registered","Automatic,",5,Petrol,https://manheim.co.nz/damaged-vehicles/000000000007273994/2006-nissan-tiida-hatch?referringPage=SearchResults
Toyota,Yaris,No,$0,"29,151",," Front Damage, Glass Broken, Left Front Damage, Right Front Damage, Right Side Damage, Underbody Damage, Structural Damage, Suspension Damage, Selling De-Registered","Automatic,",5,Petrol,https://manheim.co.nz/damaged-vehicles/000000000007274037/2021-toyota-yaris-gx-1-5p-cvt-hatch?referringPage=SearchResults
Suzuki,Swift,No,$600,"143,933",," Rear Damage, Right Side Damage, Structural Damage, Suspension Damage, Selling De-Registered","4spd Automatic,",5,Petrol,https://manheim.co.nz/damaged-vehicles/000000000007274098/2007-suzuki-swift-hatch?referringPage=SearchResults
Nissan,Tiida,Yes,$500,N/A,," Glass Broken, Ignition Damage, Right Front Damage, Right Side Damage, Vandalised - Interior, Stolen & Recovered, Selling Registered","Automatic,",5,Petrol,https://manheim.co.nz/damaged-vehicles/000000000007274134/2005-nissan-tiida-latio-sedan?referringPage=SearchResults
Suzuki,Swift,No,$600,"225,368",," Right Front Damage, Structural Damage, Selling De-Registered","4spd Automatic,",5,Petrol,https://manheim.co.nz/damaged-vehicles/000000000007274138/2006-suzuki-swift-sport-hatch?referringPage=SearchResults
Honda,fit,No,$600,"120,518",," Left Rear Damage, Rear Damage, Right Rear Damage, Structural Damage, Selling De-Registered","Automatic,",5,Petrol,https://manheim.co.nz/damaged-vehicles/000000000007274163/2007-honda-fit-hatch?referringPage=SearchResults
Toyota,Hilux,No,N/A,"220,054",," Left Front Damage, Structural Damage, Selling De-Registered","Automatic,",5,Diesel,https://manheim.co.nz/damaged-vehicles/000000000007274188/1994-toyota-hilux-surf-station-wagon?referringPage=SearchResults
Toyota,Avensis,Yes,$600,"131,560",," Left Front Damage, Left Side Damage, Rear Damage, Right Front Damage, Selling Registered","Automatic,",5,Petrol,https://manheim.co.nz/damaged-vehicles/000000000007274190/2004-toyota-avensis-sedan?referringPage=SearchResults
Holden,Colorado,No,N/A,"192,909",," Front Damage, Structural Damage, Selling De-Registered","Automatic,",5,Diesel,https://manheim.co.nz/damaged-vehicles/000000000007264209/2018-holden-colorado-ltz-dc-pu-2-8d-6at-dual-cab-utility?referringPage=SearchResults
Toyota,RAV4,No,N/A,"46,199",," Chassis Damage, Left Front Damage, Right Front Damage, Structural Damage, Selling De-Registered","CVT,",5,Petrol,https://manheim.co.nz/damaged-vehicles/000000000007274223/2023-toyota-rav4-gx-2-0p-cvt-station-wagon?referringPage=SearchResults
Nissan,X-trail,Yes,$750,"177,672",," Right Side Damage, Selling Registered","Automatic,",5,Petrol,https://manheim.co.nz/damaged-vehicles/000000000007274225/2008-nissan-x-trail-station-wagon?referringPage=SearchResults
Toyota,Altezza,No,$0,"289,743",," Front Damage, Left Front Damage, Right Front Damage, Structural Damage, Selling De-Registered","6spd Manual,",5,Petrol,https://manheim.co.nz/damaged-vehicles/000000000007274235/2000-toyota-altezza-sedan?referringPage=SearchResults
Mazda,CX-5,Yes,"$1,300","154,939",," Left Front Damage, Stolen & Recovered, Selling Registered","6spd Automatic,",5,Diesel,https://manheim.co.nz/damaged-vehicles/000000000007274266/2015-mazda-cx-5-gsxdsl-2-2d-4wd-6at-station-wagon?referringPage=SearchResults
BMW,G310,No,$500,N/A,," Right Front Damage, Right Side Damage, Structural Damage, Selling De-Registered","6spd Manual,",N/A,Petrol,https://manheim.co.nz/damaged-vehicles/000000000007204311/2023-bmw-g310-r-motorcycle?referringPage=SearchResults
Ford,Ranger,No,N/A,"87,340",," Front Damage, Airbags Deployed, Structural Damage, Selling De-Registered","Automatic,",5,N/A,https://manheim.co.nz/damaged-vehicles/000000000007264341/2020-ford-ranger-wildtrak-2-0d-4wd-dual-cab-utility?referringPage=SearchResults
Nissan,Micra,No,$200,"68,024",," Front Damage, Left Front Damage, Airbags Deployed, Structural Damage, Selling De-Registered","4spd Automatic,",5,Petrol,https://manheim.co.nz/damaged-vehicles/000000000007264403/2004-nissan-micra-1-4-5dr-a-t-sedan?referringPage=SearchResults
Ford,Ranger,No,$0,N/A,," Not Driveable, No Keys, Statutory Write Off, Water Damage, Selling De-Registered","Automatic,",5,Diesel,https://manheim.co.nz/damaged-vehicles/000000000007264434/2013-ford-ranger-3-2td-xlt-dc-w-sa4x-utility?referringPage=SearchResults
Mazda,Atenza,No,$600,N/A,," Rear Damage, Right Side Damage, Structural Damage, Selling De-Registered","Automatic,",5,Petrol,https://manheim.co.nz/damaged-vehicles/000000000007274459/2008-mazda-atenza-hatch?referringPage=SearchResults
Mitsubishi,Lancer,No,N/A,"223,230",," Front Damage, Structural Damage, Selling De-Registered","Automatic,",5,Petrol,https://manheim.co.nz/damaged-vehicles/000000000007274460/1996-mitsubishi-lancer-evolution-4-sedan?referringPage=SearchResults
Subaru,Impreza,No,$500,N/A,," Front Damage, Left Front Damage, Left Rear Damage, Right Front Damage, Right Side Damage, Structural Damage, Selling De-Registered","Automatic,",5,Petrol,https://manheim.co.nz/damaged-vehicles/000000000007274480/2013-subaru-impreza-station-wagon?referringPage=SearchResults
Mazda,Demio,Yes,$600,"148,530",," Left Front Damage, Left Side Damage, Selling Registered","Automatic,",5,Petrol,https://manheim.co.nz/damaged-vehicles/000000000007274493/2006-mazda-demio-hatch?referringPage=SearchResults
Nissan,March,No,$500,"231,164",," Interior Damage, Structural Damage, Selling De-Registered","4spd Automatic,",5,Petrol,https://manheim.co.nz/damaged-vehicles/000000000007274495/2002-nissan-march-hatch?referringPage=SearchResults
Nissan,March,Yes,"$1,300","203,208",," Front Damage, Selling Registered","Automatic,",5,Petrol,https://manheim.co.nz/damaged-vehicles/000000000007274501/2011-nissan-march-hatch?referringPage=SearchResults
Honda,Jazz,No,$400,"182,437",," Right Side Damage, Structural Damage, Selling De-Registered","CVT,",5,Petrol,https://manheim.co.nz/damaged-vehicles/000000000007274504/2002-honda-jazz-1-3i-5d-cvt-hatch-hatch?referringPage=SearchResults
Ford,Courier,Yes,"$2,300","283,186",," Front Damage, Ignition Damage, Vandalised - Interior, Stolen & Recovered, Selling Registered","Manual,",3,Petrol,https://manheim.co.nz/damaged-vehicles/000000000007274505/2005-ford-courier-2-6p-xl-c-c-4x2-utility?referringPage=SearchResults
Nissan,Maxima,No,$0,N/A,," Front Damage, Glass Broken, Vandalised - Entire Vehicle, Structural Damage, Selling De-Registered","Automatic,",5,Petrol,https://manheim.co.nz/damaged-vehicles/000000000007274507/2009-nissan-maxima-350l-sedan?referringPage=SearchResults
Mazda,Axela,Yes,$800,"178,737",," Engine Damage, Glass Broken, Stolen & Recovered, Selling Registered","Automatic,",5,Petrol,https://manheim.co.nz/damaged-vehicles/000000000007274509/2006-mazda-axela-hatch?referringPage=SearchResults
Nissan,Skyline,No,$1,N/A,," Fire Damage, Structural Damage, Selling De-Registered","Automatic,",4,Petrol,https://manheim.co.nz/damaged-vehicles/000000000007274519/2006-nissan-skyline-coup%C3%A9?referringPage=SearchResults
Jaguar,XE,Yes,"$6,500","142,317",," Right Front Damage, Selling Registered","Automatic,",5,Petrol,https://manheim.co.nz/damaged-vehicles/000000000007274523/2016-jaguar-xe-25t-r-sport-2-0p-8a-sedan?referringPage=SearchResults
Land Rover,Freelander,No,$0,"266,315",," Left Side Damage, Structural Damage, Suspension Damage, Selling De-Registered","Automatic,",5,Diesel,https://manheim.co.nz/damaged-vehicles/000000000007274539/2009-land-rover-freelander-2-2d-5dr-6a-4wd-suv-station-wagon?referringPage=SearchResults
Toyota,Ipsum,Yes,$650,"233,048",," Right Front Damage, Selling Registered","Automatic,",7,Petrol,https://manheim.co.nz/damaged-vehicles/000000000007264532/2004-toyota-ipsum-240i-station-wagon?referringPage=SearchResults
Toyota,Wish,No,N/A,"178,378",," Rear Damage, Structural Damage, Selling De-Registered",N/A,7,Petrol,https://manheim.co.nz/damaged-vehicles/000000000007274552/2011-toyota-wish-station-wagon?referringPage=SearchResults
Mazda,Demio,No,$600,"127,683",," Left Front Damage, Right Front Damage, Structural Damage, Selling De-Registered","Automatic,",5,Petrol,https://manheim.co.nz/damaged-vehicles/000000000007274554/2007-mazda-demio-hatch?referringPage=SearchResults
Husqvarna,FE,No,$1,N/A,," Fire Damage, Fire - Entire Vehicle, Structural Damage, Selling De-Registered",N/A,N/A,Petrol,https://manheim.co.nz/damaged-vehicles/000000000007274556/2019-husqvarna-fe-701-motorcycle?referringPage=SearchResults
Nissan,Skyline,No,$0,N/A,," Front Damage, Right Front Damage, Structural Damage, Selling De-Registered","Automatic,",5,Petrol,https://manheim.co.nz/damaged-vehicles/000000000007274656/2010-nissan-skyline-sedan?referringPage=SearchResults
Nissan,Juke,Yes,$800,N/A,," Dismantled - Interior, Stolen & Recovered, Selling Registered","Automatic,",5,Petrol,https://manheim.co.nz/damaged-vehicles/000000000007274675/2011-nissan-juke-station-wagon?referringPage=SearchResults
Nissan,Dualis,Yes,$0,N/A,,N/A,"Automatic,",5,Petrol,https://manheim.co.nz/damaged-vehicles/000000000007274684/2010-nissan-dualis-station-wagon?referringPage=SearchResults
Kia,Cerato,No,$1,N/A,," Burnt 100%, Fire Damage, Vandalised - Entire Vehicle, Structural Damage, Stolen & Recovered, Selling De-Registered","Automatic,",5,Petrol,https://manheim.co.nz/damaged-vehicles/000000000007274687/2014-kia-cerato-sx-1-8p6a-ha5d5s-hatch?referringPage=SearchResults
Toyota,Corolla,No,$0,"158,584",," Front Damage, Structural Damage, Selling De-Registered","5spd,",5,Petrol,https://manheim.co.nz/damaged-vehicles/000000000007264687/2001-toyota-corolla-allex-hatch?referringPage=SearchResults
Porsche,Cayenne,No,N/A,N/A,," Front Damage, Left Front Damage, Left Rear Damage, Right Rear Damage, Airbags Deployed, Structural Damage, Selling De-Registered","Automatic,",5,Petrol,https://manheim.co.nz/damaged-vehicles/000000000007224697/2014-porsche-cayenne-gts-4-door-suv-station-wagon?referringPage=SearchResults
Honda,Odyssey,No,$0,"232,340",," Rear Damage, Right Rear Damage, Structural Damage, Selling De-Registered","Automatic,",7,Petrol,https://manheim.co.nz/damaged-vehicles/000000000007274699/2004-honda-odyssey-station-wagon?referringPage=SearchResults
Volkswagen,Golf,Yes,$500,"110,234",," Left Rear Damage, Left Side Damage, Selling De-Registered","Automatic,",5,Petrol,https://manheim.co.nz/damaged-vehicles/000000000007274735/2003-volkswagen-golf-hatch?referringPage=SearchResults
Subaru,Impreza,Yes,"$1,450",N/A,," Left Side Damage, Stolen & Recovered, Selling Registered","Automatic,",5,Petrol,https://manheim.co.nz/damaged-vehicles/000000000007264749/2012-subaru-impreza-hatch?referringPage=SearchResults
Toyota,Aqua,No,$0,"185,059",," Rear Damage, Structural Damage, Selling De-Registered","Automatic,",5,Hybrid,https://manheim.co.nz/damaged-vehicles/000000000007274809/2014-toyota-aqua-hybrid-hatch?referringPage=SearchResults
Mercedes-Benz,C,Yes,$700,"245,960",," Right Front Damage, Selling Registered","Automatic,",5,Petrol,https://manheim.co.nz/damaged-vehicles/000000000007274818/2001-mercedes-benz-c-3-2-5spa-5dr-sdn-sedan?referringPage=SearchResults
Mazda,Demio,No,$500,N/A,," Front Damage, Left Front Damage, Right Front Damage, Structural Damage, Selling De-Registered","Automatic,",5,Petrol,https://manheim.co.nz/damaged-vehicles/000000000007274850/2010-mazda-demio-hatch?referringPage=SearchResults
Benelli,TNT 600i,No,$650,"15,054",," Right Side Damage, Structural Damage, Selling De-Registered","Manual,",N/A,Petrol,https://manheim.co.nz/damaged-vehicles/000000000007254854/2023-benelli-tnt-600i-motorcycle?referringPage=SearchResults
Subaru,Legacy,Yes,$600,"207,928",," Front Damage, Left Front Damage, Right Front Damage, Selling Registered","Automatic,",5,Petrol,https://manheim.co.nz/damaged-vehicles/000000000007264918/2007-subaru-legacy-station-wagon?referringPage=SearchResults
Toyota,Prius,No,$1,N/A,, Selling De-Registered,N/A,N/A,N/A,https://manheim.co.nz/damaged-vehicles/000000000007264945/2013-toyota-prius-parts-only?referringPage=SearchResults
Holden,Astra,No,$0,1,," Airbags Deployed, Glass Broken, Right Front Damage, Structural Damage, Suspension Damage, Selling De-Registered","6spd Automatic,",5,Petrol,https://manheim.co.nz/damaged-vehicles/000000000007265046/2017-holden-astra-rs-1-6pt-6at-hatch?referringPage=SearchResults
Honda,Jazz,No,$600,"76,925",," Left Front Damage, Left Side Damage, Roof Damage, Right Front Damage, Rolled, Right Side Damage, Airbags Deployed, Structural Damage, Selling De-Registered","Automatic,",5,Petrol,https://manheim.co.nz/damaged-vehicles/000000000007275068/2018-honda-jazz-s-1-3p-cvt-hatch?referringPage=SearchResults
Audi,A3,No,$0,"103,182",," Front Damage, Structural Damage, Selling De-Registered","Automatic,",5,Petrol,https://manheim.co.nz/damaged-vehicles/000000000007275069/2012-audi-a3-station-wagon?referringPage=SearchResults
Nissan,Tiida,No,$600,"233,997",," Rear Damage, Structural Damage, Selling De-Registered","Automatic,",5,Petrol,https://manheim.co.nz/damaged-vehicles/000000000007275076/2012-nissan-tiida-1-8-petrol-hatch-st-hatch?referringPage=SearchResults
Toyota,Raum,Yes,$600,"243,947",," Left Side Damage, Selling Registered","Automatic,",5,Petrol,https://manheim.co.nz/damaged-vehicles/000000000007275078/1997-toyota-raum-station-wagon?referringPage=SearchResults
Toyota,Hiace,No,N/A,"234,157",," Rear Damage, Right Rear Damage, Structural Damage, Selling De-Registered","5spd Manual,",3,Petrol,https://manheim.co.nz/damaged-vehicles/000000000007275082/2006-toyota-hiace-2-7p-zl-van5m-3-sea-panel-van?referringPage=SearchResults
GWM,V240,No,$0,"121,352",," Right Side Damage, Structural Damage, Selling De-Registered","5spd Manual,",2,Petrol,https://manheim.co.nz/damaged-vehicles/000000000007275084/2013-gwm-v240-s-cab-2-4p5m-ut2d2s-utility?referringPage=SearchResults
Toyota,Caldina,No,$0,"340,023",," Left Side Damage, Structural Damage, Selling De-Registered","Automatic,",5,Petrol,https://manheim.co.nz/damaged-vehicles/000000000007275085/2005-toyota-caldina-station-wagon?referringPage=SearchResults
Mazda,Demio,No,$600,"135,927",," Rear Damage, Structural Damage, Selling De-Registered","Automatic,",5,Petrol,https://manheim.co.nz/damaged-vehicles/000000000007275094/2008-mazda-demio-hatch?referringPage=SearchResults
Mazda,Atenza,No,$0,"244,127",," Left Side Damage, Structural Damage, Selling De-Registered","Automatic,",5,Petrol,https://manheim.co.nz/damaged-vehicles/000000000007275096/2008-mazda-atenza-station-wagon?referringPage=SearchResults
Ford,Falcon,No,$0,"317,707",," Left Rear Damage, Left Side Damage, Structural Damage, Selling De-Registered","Automatic,",5,Petrol,https://manheim.co.nz/damaged-vehicles/000000000007275103/2008-ford-falcon-fg-xr6-sedan-a-sedan?referringPage=SearchResults
Mazda,MX5,No,$600,"116,452",," Ignition Damage, Left Front Damage, Left Side Damage, Airbags Deployed, Structural Damage, Stolen & Recovered, Selling De-Registered","Automatic,",2,Petrol,https://manheim.co.nz/damaged-vehicles/000000000007275105/1998-mazda-mx5-roadster-cabriolet?referringPage=SearchResults
Audi,A4,Yes,$700,"203,092",," Front Damage, Glass Broken, Left Front Damage, Selling Registered","Automatic,",5,Petrol,https://manheim.co.nz/damaged-vehicles/000000000007245100/2010-audi-a4-2-0t-fsi-multi-sedan?referringPage=SearchResults
Toyota,Hiace,No,N/A,"296,738",, Selling De-Registered,"Automatic,",3,N/A,https://manheim.co.nz/damaged-vehicles/000000000007245116/2014-toyota-hiace-zx-3-0td-4a-3-seat-window-van?referringPage=SearchResults
Nissan,Pulsar,No,$300,"219,615",," Rear Damage, Structural Damage, Selling De-Registered","Automatic,",5,Petrol,https://manheim.co.nz/damaged-vehicles/000000000007275110/1997-nissan-pulsar-cj-1-sedan?referringPage=SearchResults
Toyota,Corolla,No,$0,"172,646",," Left Front Damage, Left Side Damage, Structural Damage, Selling De-Registered","Automatic,",5,Petrol,https://manheim.co.nz/damaged-vehicles/000000000007275113/2007-toyota-corolla-fielder-station-wagon?referringPage=SearchResults
Chrysler,300c,Yes,"$1,300","138,754",," Stolen & Recovered, Selling Registered","Automatic,",5,Petrol,https://manheim.co.nz/damaged-vehicles/000000000007275115/2008-chrysler-300c-station-wagon?referringPage=SearchResults
Jeep,Grand Cherokee,No,N/A,"216,733",," Interior Damage, Water Damage, Selling De-Registered","Automatic,",5,Petrol,https://manheim.co.nz/damaged-vehicles/000000000007275120/2012-jeep-grand-cherokee-6-4l-srt8-station-wagon?referringPage=SearchResults
Mazda,BT-50,No,N/A,"253,983",," Front Damage, Structural Damage, Selling De-Registered","5spd Automatic,",5,Diesel,https://manheim.co.nz/damaged-vehicles/000000000007275126/2021-mazda-bt-50-gsx-d-c-w-s-3-0dt-utility?referringPage=SearchResults
Volkswagen,Golf,No,$0,N/A,," Front Damage, Glass Broken, Left Front Damage, Left Rear Damage, Left Side Damage, Rear Damage, Right Front Damage, Right Side Damage, Airbags Deployed, Structural Damage, Under Body Damage, Selling De-Registered","Automatic,",5,Petrol,https://manheim.co.nz/damaged-vehicles/000000000007265134/2014-volkswagen-golf-tsi-station-wagon?referringPage=SearchResults
Holden,Colorado,Yes,"$1,450",N/A,, Selling Registered,N/A,5,Diesel,https://manheim.co.nz/damaged-vehicles/000000000007265136/2014-holden-colorado-ltzdcpu-2-8d-4wd-6a-dual-cab-utility?referringPage=SearchResults
Toyota,Hilux,No,N/A,"325,329",," Right Side Damage, Structural Damage, Selling De-Registered","5spd Manual,",5,Diesel,https://manheim.co.nz/damaged-vehicles/000000000007275160/2007-toyota-hilux-3-0td-4wd-dcu-5m-dual-cab-utility?referringPage=SearchResults
Toyota,Prius,No,$0,"97,371",," Left Rear Damage, Rear Damage, Right Rear Damage, Structural Damage, Selling De-Registered","Automatic,",5,Hybrid,https://manheim.co.nz/damaged-vehicles/000000000007275165/2014-toyota-prius-hatch?referringPage=SearchResults
Audi,A1,No,$0,N/A,," Right Side Damage, Structural Damage, Selling De-Registered","Automatic,",4,Petrol,https://manheim.co.nz/damaged-vehicles/000000000007275169/2012-audi-a1-hatch?referringPage=SearchResults
Yamaha,YZF,No,$600,N/A,," Structural Damage, Stolen & Recovered, Selling De-Registered","Automatic,",N/A,Petrol,https://manheim.co.nz/damaged-vehicles/000000000007245178/2016-yamaha-yzf-r3ag-motorcycle?referringPage=SearchResults
Nissan,Tiida,No,$600,"76,266",," Rear Damage, Structural Damage, Selling De-Registered","5spd Automatic,",5,Petrol,https://manheim.co.nz/damaged-vehicles/000000000007275211/2006-nissan-tiida-hatch?referringPage=SearchResults
Mitsubishi,Lancer,No,$600,"237,441",," Glass Broken, Ignition Damage, Left Side Damage, Right Side Damage, Vandalised - Interior, Structural Damage, Stolen & Recovered, Selling De-Registered","Automatic,",5,Petrol,https://manheim.co.nz/damaged-vehicles/000000000007275213/2004-mitsubishi-lancer-sedan?referringPage=SearchResults
Volkswagen,Golf,Yes,$700,"141,473",, Selling Registered,"Automatic,",5,Petrol,https://manheim.co.nz/damaged-vehicles/000000000007255227/2007-volkswagen-golf-gt-hatch?referringPage=SearchResults
Ford,Mondeo,No,$0,"270,223",," Right Front Damage, Right Side Damage, Structural Damage, Selling De-Registered","Automatic,",5,Petrol,https://manheim.co.nz/damaged-vehicles/000000000007265254/2012-ford-mondeo-wag-2-3-auto-station-wagon?referringPage=SearchResults
Toyota,Aqua,No,$600,"187,659",," Left Rear Damage, Rear Damage, Structural Damage, Selling De-Registered","Automatic,",5,Hybrid,https://manheim.co.nz/damaged-vehicles/000000000007265260/2012-toyota-aqua-hatch?referringPage=SearchResults
Toyota,Prius,No,$0,"282,153",," Front Damage, Left Front Damage, Left Rear Damage, Left Side Damage, Rear Damage, Right Front Damage, Structural Damage, Selling De-Registered","Automatic,",5,Hybrid,https://manheim.co.nz/damaged-vehicles/000000000007275399/2014-toyota-prius-hybrid-hatch?referringPage=SearchResults
Suzuki,Swift,No,$0,"67,312",," Front Damage, Left Front Damage, Right Front Damage, Structural Damage, Selling De-Registered","Automatic,",5,Petrol,https://manheim.co.nz/damaged-vehicles/000000000007275413/2017-suzuki-swift-hatch?referringPage=SearchResults
Toyota,Alphard,No,$0,"196,884",," Left Rear Damage, Rear Damage, Right Front Damage, Right Rear Damage, Structural Damage, Selling De-Registered","Automatic,",8,Petrol,https://manheim.co.nz/damaged-vehicles/000000000007275418/2004-toyota-alphard-v-station-wagon?referringPage=SearchResults
Toyota,Hilux,No,N/A,1,," Left Side Damage, Rear Damage, Right Front Damage, Right Side Damage, Structural Damage, Selling De-Registered","Automatic,",5,Diesel,https://manheim.co.nz/damaged-vehicles/000000000007275425/2009-toyota-hilux-3-0td-4wd-sr5-dc-4a-dual-cab-chassis?referringPage=SearchResults
Toyota,Prius,No,$0,"174,414",," Rear Damage, Structural Damage, Selling De-Registered","Automatic,",5,Hybrid,https://manheim.co.nz/damaged-vehicles/000000000007245514/2010-toyota-prius-hybrid-hatch?referringPage=SearchResults
Honda,fit,Yes,N/A,"183,593",," Stolen & Recovered, Selling Registered","4spd CVT,",5,Petrol,https://manheim.co.nz/damaged-vehicles/000000000007265616/2004-honda-fit-5d-hatch?referringPage=SearchResults
Volkswagen,Golf,No,$0,N/A,," Airbags Deployed, Left Side Damage, Right Side Damage, Structural Damage, Selling De-Registered","Automatic,",5,Petrol,https://manheim.co.nz/damaged-vehicles/000000000007265623/2011-volkswagen-golf-hatch?referringPage=SearchResults
Honda,fit,No,$0,"203,563",," Rear Damage, Structural Damage, Selling De-Registered","Automatic,",5,Petrol,https://manheim.co.nz/damaged-vehicles/000000000007275631/2005-honda-fit-hatch?referringPage=SearchResults
Mazda,Axela,No,$0,"78,173",," Rear Damage, Structural Damage, Selling De-Registered","Automatic,",5,Hybrid,https://manheim.co.nz/damaged-vehicles/000000000007275634/2015-mazda-axela-sedan?referringPage=SearchResults
Mazda,Demio,Yes,$600,"243,831",," Interior Damage, Right Front Damage, Stolen & Recovered, Selling Registered","Automatic,",5,Petrol,https://manheim.co.nz/damaged-vehicles/000000000007275647/2003-mazda-demio-hatch?referringPage=SearchResults
Nissan,Tiida,No,$0,"83,101",," Left Rear Damage, Rear Damage, Structural Damage, Selling De-Registered","Automatic,",5,Petrol,https://manheim.co.nz/damaged-vehicles/000000000007275648/2007-nissan-tiida-hatch?referringPage=SearchResults
Honda,fit,No,$0,"144,261",," Airbags Deployed, Front Damage, Left Front Damage, Left Rear Damage, Right Front Damage, Structural Damage, Selling De-Registered","Automatic,",5,Petrol,https://manheim.co.nz/damaged-vehicles/000000000007275649/2006-honda-fit-hatch?referringPage=SearchResults
Mazda,CX-5,No,N/A,"64,864",," Front Damage, Airbags Deployed, Structural Damage, Selling De-Registered","Automatic,",5,Petrol,https://manheim.co.nz/damaged-vehicles/000000000007275651/2023-mazda-cx-5-gsx-ptr-2-5p-4wd-6a-station-wagon?referringPage=SearchResults
Volkswagen,Polo,No,$0,"128,349",," Right Front Damage, Structural Damage, Selling De-Registered","4spd Automatic,",5,Petrol,https://manheim.co.nz/damaged-vehicles/000000000007275662/2007-volkswagen-polo-hatch?referringPage=SearchResults
Toyota,Camry,No,N/A,"134,202",," Front Damage, Rear Damage, Structural Damage, Selling De-Registered","Automatic,",5,Hybrid,https://manheim.co.nz/damaged-vehicles/000000000007275666/2019-toyota-camry-gx-2-5ph-cvt-sedan?referringPage=SearchResults
Ford,Ranger,No,N/A,"109,878",," Left Side Damage, Roof Damage, Structural Damage, Selling De-Registered","Automatic,",5,Diesel,https://manheim.co.nz/damaged-vehicles/000000000007275667/2019-ford-ranger-xlt-double-cab-w-sa-dual-cab-utility?referringPage=SearchResults
Mazda,Demio,No,$0,"79,099",," Front Damage, Glass Broken, Ignition Damage, Right Rear Damage, Vandalised - Interior, Structural Damage, Stolen & Recovered, Selling De-Registered","4spd Automatic,",5,Petrol,https://manheim.co.nz/damaged-vehicles/000000000007275669/2004-mazda-demio-hatch?referringPage=SearchResults
Mazda,MAZDA3,No,$0,"163,958",," Front Damage, Interior Damage, Airbags Deployed, Structural Damage, Selling De-Registered","Automatic,",5,Petrol,https://manheim.co.nz/damaged-vehicles/000000000007275671/2011-mazda-mazda3-hatch-glx-2-0-5at-hatch?referringPage=SearchResults
Mazda,Demio,No,$500,"150,230",," Front Damage, Structural Damage, Selling De-Registered","Automatic,",5,Petrol,https://manheim.co.nz/damaged-vehicles/000000000007275673/2008-mazda-demio-hatch?referringPage=SearchResults
Suzuki,Swift,No,$225,"189,466",," Front Damage, Left Front Damage, Left Rear Damage, Right Side Damage, Structural Damage, Selling De-Registered","Automatic,",5,Petrol,https://manheim.co.nz/damaged-vehicles/000000000007275674/2008-suzuki-swift-sport-hatch?referringPage=SearchResults
Nissan,Bluebird,No,$0,"176,283",," Left Side Damage, Structural Damage, Suspension Damage, Selling De-Registered","4spd Automatic,",5,Petrol,https://manheim.co.nz/damaged-vehicles/000000000007275679/2006-nissan-bluebird-sedan?referringPage=SearchResults
Subaru,Legacy,No,$600,"252,363",," Left Rear Damage, Structural Damage, Selling De-Registered","Automatic,",5,Petrol,https://manheim.co.nz/damaged-vehicles/000000000007275683/2004-subaru-legacy-sedan?referringPage=SearchResults
FOTON,Sauvana,No,$0,"133,251",," Right Side Damage, Structural Damage, Selling De-Registered","Automatic,",7,Diesel,https://manheim.co.nz/damaged-vehicles/000000000007275687/2018-foton-sauvana-luxury-2-8dt-4wd-6a-station-wagon?referringPage=SearchResults
Nissan,Qashqai,No,N/A,"69,300",," Airbags Deployed, Front Damage, Structural Damage, Suspension Damage, Selling De-Registered","Automatic,",5,Petrol,https://manheim.co.nz/damaged-vehicles/000000000007275693/2018-nissan-qashqai-st-2-0p-cvt-hatch?referringPage=SearchResults
Toyota,Vista,Yes,$600,"201,060",," Right Rear Damage, Selling Registered","Automatic,",5,Petrol,https://manheim.co.nz/damaged-vehicles/000000000007275711/1996-toyota-vista-sedan?referringPage=SearchResults
Mazda,Axela,No,$500,"218,863",," Front Damage, Left Front Damage, Right Front Damage, Structural Damage, Selling De-Registered","Automatic,",5,Petrol,https://manheim.co.nz/damaged-vehicles/000000000007275713/2004-mazda-axela-hatch?referringPage=SearchResults
Nissan,Tiida,No,$600,"148,873",," Right Side Damage, Structural Damage, Selling De-Registered","Automatic,",5,Petrol,https://manheim.co.nz/damaged-vehicles/000000000007275722/2009-nissan-tiida-hatch?referringPage=SearchResults
Nissan,Wingroad,Yes,$800,N/A,," Ignition Damage, Left Rear Damage, Malicious/Vandalised, Right Front Damage, Right Rear Damage, Vandalised - Interior, Selling Registered","Automatic,",5,Petrol,https://manheim.co.nz/damaged-vehicles/000000000007275728/2008-nissan-wingroad-station-wagon?referringPage=SearchResults
Subaru,Impreza,Yes,$800,N/A,," Ignition Damage, Left Front Damage, Right Front Damage, Vandalised - Interior, Stolen & Recovered, Selling Registered","Automatic,",5,Petrol,https://manheim.co.nz/damaged-vehicles/000000000007275736/2005-subaru-impreza-station-wagon?referringPage=SearchResults
FOTON,View CS2,No,$0,N/A,," Front Damage, Left Side Damage, Structural Damage, Selling De-Registered","5spd Manual,",2,Diesel,https://manheim.co.nz/damaged-vehicles/000000000007265748/2016-foton-view-cs2-transon-2-8d-5mt-lv-campervan?referringPage=SearchResults
Harley-Davidson,Touring,No,"$1,650","52,102",," Structural Damage, Selling De-Registered","Manual,",N/A,Petrol,https://manheim.co.nz/damaged-vehicles/000000000007255747/2014-harley-davidson-touring-15-street-glide-s-motorcycle?referringPage=SearchResults
Holden,Astra,No,$400,"196,343",," Rear Damage, Right Front Damage, Right Rear Damage, Structural Damage, Selling De-Registered","Automatic,",5,Petrol,https://manheim.co.nz/damaged-vehicles/000000000007275783/2005-holden-astra-classic-hatch-auto-hatch?referringPage=SearchResults
Subaru,Outback,No,$500,"202,583",," Right Side Damage, Structural Damage, Selling De-Registered","Automatic,",5,Petrol,https://manheim.co.nz/damaged-vehicles/000000000007275784/2005-subaru-outback-station-wagon?referringPage=SearchResults
Kia,Soul,No,$0,"132,205",," Front Damage, Structural Damage, Selling De-Registered","Automatic,",5,Petrol,https://manheim.co.nz/damaged-vehicles/000000000007275789/2010-kia-soul-hatch?referringPage=SearchResults
Toyota,Hilux,No,N/A,"145,032",," Vandalised - Entire Vehicle, Stolen & Recovered, Selling De-Registered","Automatic,",5,Diesel,https://manheim.co.nz/damaged-vehicles/000000000007275806/2017-toyota-hilux-sr5-td-dc-2-8d-6at--utility?referringPage=SearchResults
Nissan,Presage,Yes,$500,"132,828",," Interior Damage, Ignition Damage, Stolen & Recovered, Selling Registered","Automatic,",8,Petrol,https://manheim.co.nz/damaged-vehicles/000000000007275840/2004-nissan-presage-station-wagon?referringPage=SearchResults
Mazda,Axela,Yes,"$4,200","145,108",," Left Front Damage, Left Side Damage, Right Side Damage, Selling Registered","Automatic,",5,Petrol,https://manheim.co.nz/damaged-vehicles/000000000007255864/2018-mazda-axela-hatch?referringPage=SearchResults
BMW,640i,No,$0,"174,233",," Front Damage, Rear Damage, Roof Damage, Structural Damage, Suspension Damage, Selling De-Registered","Automatic,",5,Petrol,https://manheim.co.nz/damaged-vehicles/000000000007275870/2013-bmw-640i-sedan?referringPage=SearchResults
Honda,Torneo,Yes,$600,"178,471",," Glass Broken, Ignition Damage, Left Side Damage, Stolen & Recovered, Selling Registered","Automatic,",5,Petrol,https://manheim.co.nz/damaged-vehicles/000000000007275877/2001-honda-torneo-sedan?referringPage=SearchResults
Aprilia,SR Motard,No,$300,"17,681",," Left Side Damage, Structural Damage, Selling De-Registered","Automatic,",N/A,Petrol,https://manheim.co.nz/damaged-vehicles/000000000007275891/2018-aprilia-sr-motard-50-scooter?referringPage=SearchResults
Ford,Ranger,No,N/A,1,," Rolled, Vandalised - Entire Vehicle, Structural Damage, Selling De-Registered","Automatic,",5,Diesel,https://manheim.co.nz/damaged-vehicles/000000000007275898/2019-ford-ranger-xlt-double-cab-w-s-dual-cab-utility?referringPage=SearchResults
Mitsubishi,Diamante,Yes,$500,"150,402",," Left Side Damage, Selling Registered","Automatic,",5,Petrol,https://manheim.co.nz/damaged-vehicles/000000000007275904/2002-mitsubishi-diamante-3-5p-xi-sedan-a-sedan?referringPage=SearchResults
Mitsubishi,Pajero,No,$600,"186,578",," Front Damage, Left Front Damage, Left Side Damage, Structural Damage, Selling De-Registered","Automatic,",4,Petrol,https://manheim.co.nz/damaged-vehicles/000000000007275908/1998-mitsubishi-pajero-io-station-wagon?referringPage=SearchResults
Toyota,Raum,No,$0,"135,784",," Rear Damage, Structural Damage, Selling De-Registered","5spd Automatic,",5,Petrol,https://manheim.co.nz/damaged-vehicles/000000000007275923/2006-toyota-raum-station-wagon?referringPage=SearchResults
Toyota,Prius,Yes,"$1,450","291,278",," Left Side Damage, Right Front Damage, Right Rear Damage, Right Side Damage, Selling Registered","Automatic,",5,Hybrid,https://manheim.co.nz/damaged-vehicles/000000000007265924/2011-toyota-prius-hatch?referringPage=SearchResults
Ford,Mustang,Yes,N/A,"34,234",1," Stolen & Recovered, Selling Registered","Automatic,",4,Petrol,https://manheim.co.nz/damaged-vehicles/000000000007265953/2016-ford-mustang-2-3l-convertible-at-2d-coup%C3%A9?referringPage=SearchResults
Suzuki,Swift,No,$600,"141,409",," Left Front Damage, Structural Damage, Selling De-Registered","Automatic,",5,Petrol,https://manheim.co.nz/damaged-vehicles/000000000007275959/2006-suzuki-swift-glxha2-1-5-5dr-hatch?referringPage=SearchResults
Honda,Insight,Yes,$800,N/A,," No Keys, Stolen & Recovered, Selling Registered","Automatic,",5,Hybrid,https://manheim.co.nz/damaged-vehicles/000000000007265960/2011-honda-insight-hatch?referringPage=SearchResults
Mitsubishi,Pajero,No,$0,"129,272",," Front Damage, Structural Damage, Selling De-Registered","5spd Manual,",5,Petrol,https://manheim.co.nz/damaged-vehicles/000000000007266018/2000-mitsubishi-pajero-io-station-wagon?referringPage=SearchResults
Mazda,Premacy,Yes,$400,"276,962",," Right Front Damage, Selling Registered","Automatic,",7,Petrol,https://manheim.co.nz/damaged-vehicles/000000000007276013/2000-mazda-premacy-station-wagon?referringPage=SearchResults
Mitsubishi,ASX,No,$0,"156,257",," Left Rear Damage, Left Side Damage, Structural Damage, Selling De-Registered","CVT,",5,Petrol,https://manheim.co.nz/damaged-vehicles/000000000007276029/2011-mitsubishi-asx-2wd-2-0p-cvt-sport-station-wagon?referringPage=SearchResults
Daihatsu,Hijet,No,$0,N/A,1," Front Damage, Structural Damage, Selling De-Registered","4spd Automatic,",2,Petrol,https://manheim.co.nz/damaged-vehicles/000000000007276053/2013-daihatsu-hijet-van?referringPage=SearchResults
BMW,116i,No,$0,"79,259",," Left Rear Damage, Rear Damage, Right Rear Damage, Structural Damage, Selling De-Registered","Automatic,",5,Petrol,https://manheim.co.nz/damaged-vehicles/000000000007276054/2013-bmw-116i-hatch?referringPage=SearchResults
Toyota,Aqua,Yes,"$1,300",N/A,," Glass Broken, Ignition Damage, Left Front Damage, Vandalised - Interior, Stolen & Recovered, Selling Registered","Automatic,",5,Hybrid,https://manheim.co.nz/damaged-vehicles/000000000007276057/2014-toyota-aqua-hatch?referringPage=SearchResults
Subaru,Outback,No,$0,"147,317",," Left Front Damage, Left Side Damage, Structural Damage, Selling De-Registered","Automatic,",5,Petrol,https://manheim.co.nz/damaged-vehicles/000000000007276094/2010-subaru-outback-station-wagon?referringPage=SearchResults
Ford,Ranger,Yes,"$2,400","188,775",," Repossed Vehicle, Transmission Failure, Selling Registered","Automatic,",5,Diesel,https://manheim.co.nz/damaged-vehicles/000000000007266128/2012-ford-ranger-3-2td-xlt-dc-w-s-4x-dual-cab-utility?referringPage=SearchResults
Toyota,Aqua,No,$0,"159,192",," Rear Damage, Structural Damage, Selling De-Registered","Automatic,",5,Hybrid,https://manheim.co.nz/damaged-vehicles/000000000007276130/2014-toyota-aqua-hybrid-hatch?referringPage=SearchResults
Mazda,CX-5,No,N/A,N/A,," Front Damage, Left Front Damage, Roof Damage, Structural Damage, Selling De-Registered","Automatic,",5,Petrol,https://manheim.co.nz/damaged-vehicles/000000000007246157/2021-mazda-cx-5-gsx-ptr-2-5p-4wd-6a-station-wagon?referringPage=SearchResults
Ford,Ranger,No,N/A,"319,020",," Chassis Damage, Left Side Damage, Structural Damage, Suspension Damage, Selling De-Registered","Manual,",5,Diesel,https://manheim.co.nz/damaged-vehicles/000000000007276171/2013-ford-ranger-3-2td-xl-dc-w-s-4x4-dual-cab-utility?referringPage=SearchResults
Mazda,BT-50,Yes,"$1,400","229,543",, Selling Registered,"6spd Automatic,",5,N/A,https://manheim.co.nz/damaged-vehicles/000000000007266232/2013-mazda-bt-50-2wd-glx-d-c-w-s-6at-off-road-utility?referringPage=SearchResults
LDV,T60,No,N/A,"81,267",," Left Side Damage, Airbags Deployed, Structural Damage, Selling De-Registered","Automatic,",5,Diesel,https://manheim.co.nz/damaged-vehicles/000000000007276346/2021-ldv-t60-4wd-at-2-8dt-4wd-6a-dual-cab-utility?referringPage=SearchResults
Ford,Puma,No,N/A,"77,393",," Chassis Damage, Front Damage, Left Front Damage, Left Rear Damage, Rear Damage, Right Rear Damage, Structural Damage, Selling De-Registered","7spd Automatic,",5,Petrol,https://manheim.co.nz/damaged-vehicles/000000000007276348/2021-ford-puma-1-0p-7at-station-wagon?referringPage=SearchResults
Subaru,Impreza,No,$0,N/A,," Front Damage, Fire Damage, Interior Fire Damage, Left Front Damage, Right Front Damage, Fire - Interior, Vandalised - Interior, Stolen & Recovered, Selling De-Registered","Automatic,",5,Petrol,https://manheim.co.nz/damaged-vehicles/000000000007276349/2000-subaru-impreza-wrx-nb-sedan?referringPage=SearchResults
BMW,118i,No,N/A,"50,173",," Right Rear Damage, Right Side Damage, Structural Damage, Suspension Damage, Selling De-Registered","Automatic,",5,Petrol,https://manheim.co.nz/damaged-vehicles/000000000007276355/2015-bmw-118i-hatch?referringPage=SearchResults
Toyota,Aqua,Yes,"$1,300",N/A,," Glass Broken, Ignition Damage, Left Front Damage, Vandalised - Interior, Stolen & Recovered, Selling Registered","Automatic,",5,Hybrid,https://manheim.co.nz/damaged-vehicles/000000000007276368/2015-toyota-aqua-hybrid-hatch?referringPage=SearchResults
Volkswagen,Polo,Yes,$300,"112,992",," Front Damage, Selling Registered","Automatic,",5,Petrol,https://manheim.co.nz/damaged-vehicles/000000000007276386/2005-volkswagen-polo-hatch?referringPage=SearchResults
Holden,Captiva,No,$0,"176,252",," Left Front Damage, Left Side Damage, Airbags Deployed, Structural Damage, Selling De-Registered","6spd Automatic,",5,Petrol,https://manheim.co.nz/damaged-vehicles/000000000007266390/2015-holden-captiva-station-wagon?referringPage=SearchResults
Suzuki,Swift,No,$500,"105,124",," Right Front Damage, Structural Damage, Selling De-Registered","Automatic,",5,Petrol,https://manheim.co.nz/damaged-vehicles/000000000007266416/2012-suzuki-swift-hatch?referringPage=SearchResults
Honda,Odyssey,No,$0,N/A,," Airbags Deployed, Front Damage, Structural Damage, Selling De-Registered","Automatic,",7,Petrol,https://manheim.co.nz/damaged-vehicles/000000000007226413/2006-honda-odyssey-station-wagon?referringPage=SearchResults
Suzuki,LT-A500XPM1,No,$550,"27,087",," Left Side Damage, Right Front Damage, Rolled, Right Side Damage, Structural Damage, Selling De-Registered",N/A,N/A,N/A,https://manheim.co.nz/damaged-vehicles/000000000007276466/2021-suzuki-lt-a500xpm1-quad-bike?referringPage=SearchResults
Toyota,Wish,No,$0,"244,034",," Rear Damage, Structural Damage, Selling De-Registered","Automatic,",7,Petrol,https://manheim.co.nz/damaged-vehicles/000000000007276475/2008-toyota-wish-station-wagon?referringPage=SearchResults
Kia,RIO,Yes,"$2,300","113,214",," Front Damage, Selling Registered","Automatic,",5,Petrol,https://manheim.co.nz/damaged-vehicles/000000000007276619/2017-kia-rio-ltd-1-4p-4at-hatch?referringPage=SearchResults
Toyota,Toyoace,No,$0,"322,594",1," Front Damage, Structural Damage, Selling De-Registered","5spd Manual,",3,Diesel,https://manheim.co.nz/damaged-vehicles/000000000007246721/2010-toyota-toyoace-flat-deck?referringPage=SearchResults
Isuzu,D-max,No,"$4,800","72,633",, Selling Registered,"Automatic,",5,Diesel,https://manheim.co.nz/damaged-vehicles/000000000007266759/2020-isuzu-d-max-ls-double-cab-4wd-3-dual-cab-utility?referringPage=SearchResults
Toyota,Will,Yes,$600,"155,644",," Left Side Damage, Selling Registered","Automatic,",5,Petrol,https://manheim.co.nz/damaged-vehicles/000000000007266817/2003-toyota-will-cypha-sedan?referringPage=SearchResults
TRAILER,Trayla,No,$0,N/A,0," Right Side Damage, Structural Damage, Selling De-Registered",N/A,N/A,N/A,https://manheim.co.nz/damaged-vehicles/000000000007277027/2023-trailer-trayla-trailer--box-domestic-?referringPage=SearchResults
ANGLO,Galaxy,No,"$1,000",N/A,0," Chassis Damage, Water Damage, Selling De-Registered",N/A,N/A,Electric,https://manheim.co.nz/damaged-vehicles/000000000007257060/1975-anglo-galaxy-caravan?referringPage=SearchResults
Toyota,Allion,Yes,$0,"159,293",," Right Front Damage, Selling Registered","Automatic,",5,Petrol,https://manheim.co.nz/damaged-vehicles/000000000007277150/2006-toyota-allion-a15-sedan?referringPage=SearchResults
Honda,fit,No,$600,N/A,," Front Damage, Left Front Damage, Left Side Damage, Right Side Damage, Airbags Deployed, Structural Damage, Selling De-Registered",N/A,5,Hybrid,https://manheim.co.nz/damaged-vehicles/000000000007267176/2014-honda-fit-hatch?referringPage=SearchResults
Toyota,Hiace 2.4 M/bus,No,$0,"163,323",," Structural Damage, Water Damage, Selling De-Registered","5spd Manual,",11,Petrol,https://manheim.co.nz/damaged-vehicles/000000000007277183/1991-toyota-hiace-2-4-m-bus-mini-bus?referringPage=SearchResults
Mazda,CX-5,Yes,"$1,300","158,905",, Selling Registered,"Automatic,",5,Diesel,https://manheim.co.nz/damaged-vehicles/000000000007267229/2012-mazda-cx-5-station-wagon?referringPage=SearchResults
Ford,Focus,No,$400,N/A,," Airbags Deployed, Front Damage, Airbags Deployed, Structural Damage, Selling De-Registered","Automatic,",5,Petrol,https://manheim.co.nz/damaged-vehicles/000000000007267256/2009-ford-focus-2-0-auto-hatch?referringPage=SearchResults
Mazda,Demio,Yes,$600,N/A,," Ignition Damage, Left Side Damage, Rear Damage, Vandalised - Interior, Stolen & Recovered, Selling Registered","Automatic,",5,Petrol,https://manheim.co.nz/damaged-vehicles/000000000007267380/2006-mazda-demio-hatch?referringPage=SearchResults
Nissan,Tiida,No,$400,N/A,," Front Damage, Left Front Damage, Left Side Damage, Right Front Damage, Structural Damage, Selling De-Registered",N/A,5,Petrol,https://manheim.co.nz/damaged-vehicles/000000000007267412/2005-nissan-tiida-hatch?referringPage=SearchResults
Toyota,Blade,No,$0,N/A,," Front Damage, Structural Damage, Selling De-Registered","Automatic,",5,Petrol,https://manheim.co.nz/damaged-vehicles/000000000007267421/2008-toyota-blade-hatch?referringPage=SearchResults
Kia,Cerato,No,$0,"64,330",," Rear Damage, Structural Damage, Selling De-Registered","Automatic,",5,Petrol,https://manheim.co.nz/damaged-vehicles/000000000007267524/2009-kia-cerato-2-0-petrol-auto-lx-sedan?referringPage=SearchResults
Landini,DT70GE,No,$0,N/A,0, Water Damage,"5spd Manual,",N/A,Diesel,https://manheim.co.nz/damaged-vehicles/000000000007267533/2000-landini-dt70ge-tractor?referringPage=SearchResults
Ford,Focus,No,$0,"127,791",," Water Damage, Selling De-Registered","6spd Automatic,",5,Petrol,https://manheim.co.nz/damaged-vehicles/000000000007267593/2016-ford-focus-sport-1-5p-6at-ha-5-hatch?referringPage=SearchResults
Toyota,Hilux,No,N/A,"242,772",," Left Side Damage, Rolled, Right Side Damage, Structural Damage, Selling De-Registered","Manual,",5,Diesel,https://manheim.co.nz/damaged-vehicles/000000000007267678/2016-toyota-hilux-sr-td-dc-cc-2-8d-4w-dual-cab-utility?referringPage=SearchResults
CF Moto,MT450,No,$600,"6,158",," Front Damage, Frame Damaged, Structural Damage, Selling De-Registered","Automatic,",N/A,Petrol,https://manheim.co.nz/damaged-vehicles/000000000007267701/2024-cfmoto-mt450-motorcycle?referringPage=SearchResults
Nissan,Note,No,$0,"111,379",," Structural Damage, Selling De-Registered","Automatic,",5,Petrol,https://manheim.co.nz/damaged-vehicles/000000000007267708/2008-nissan-note-hatch?referringPage=SearchResults
Nissan,X-trail,No,N/A,"87,545",, Selling De-Registered,"Automatic,",5,Petrol,https://manheim.co.nz/damaged-vehicles/000000000007257777/2016-nissan-x-trail-5d-station-wagon?referringPage=SearchResults
Toyota,Prius,No,$0,N/A,," Front Damage, Left Rear Damage, Left Side Damage, Roof Damage, Right Rear Damage, Right Side Damage, Structural Damage, Selling De-Registered",N/A,5,Hybrid,https://manheim.co.nz/damaged-vehicles/000000000007257792/2014-toyota-prius-hybrid-hatch?referringPage=SearchResults
Toyota,Aqua,No,$0,"318,359",," Left Side Damage, Right Rear Damage, Structural Damage, Selling De-Registered","CVT,",5,Hybrid,https://manheim.co.nz/damaged-vehicles/000000000007257793/2016-toyota-aqua-hatch?referringPage=SearchResults
Toyota,Hilux,No,$0,"246,944",," Glass Broken, Interior Damage, Ignition Damage, Rear Damage, Stolen & Recovered, Water Damage, Selling De-Registered","Automatic,",5,Petrol,https://manheim.co.nz/damaged-vehicles/000000000007267880/2004-toyota-hilux-utility?referringPage=SearchResults
Honda,TRX,No,"$1,300",N/A,," Engine Damage, Right Side Damage, Selling De-Registered",Automati,N/A,N/A,https://manheim.co.nz/damaged-vehicles/000000000007267899/2014-honda-trx-quad-bike?referringPage=SearchResults
Nissan,Navara,No,$0,"305,905",," Rear Damage, Structural Damage, Selling De-Registered",N/A,3,Diesel,https://manheim.co.nz/damaged-vehicles/000000000007267912/2005-nissan-navara-3-0-4wd-s-c-c-s-die-utility?referringPage=SearchResults
Toyota,Prius,No,N/A,N/A,," Front Damage, Left Front Damage, Left Rear Damage, Rear Damage, Right Rear Damage, Structural Damage, Selling De-Registered","Automatic,",5,Hybrid,https://manheim.co.nz/damaged-vehicles/000000000007257913/2017-toyota-prius-hatch?referringPage=SearchResults
BMW,330,Yes,$600,"308,107",," Left Side Damage, Malicious/Vandalised, Selling Registered","Automatic,",5,Petrol,https://manheim.co.nz/damaged-vehicles/000000000007248040/2001-bmw-330-sedan?referringPage=SearchResults
Mazda,Axela,Yes,$500,"226,226",," Front Damage, Selling Registered",N/A,5,Petrol,https://manheim.co.nz/damaged-vehicles/000000000007268107/2009-mazda-axela-sedan?referringPage=SearchResults
Toyota,Hilux,No,N/A,1,," Interior Damage, Structural Damage, Water Damage, Selling De-Registered",N/A,5,N/A,https://manheim.co.nz/damaged-vehicles/000000000007268113/2021-toyota-hilux-sr5-cruiser-td-dc-2-dual-cab-utility?referringPage=SearchResults
Lexus,HS250H,No,$0,"225,969",," Left Front Damage, Rear Damage, Structural Damage, Under Body Damage, Selling De-Registered","Automatic,",5,Hybrid,https://manheim.co.nz/damaged-vehicles/000000000007268116/2010-lexus-hs250h-sedan?referringPage=SearchResults
Hyundai,Iload,No,N/A,N/A,," Airbags Deployed, Front Damage, Structural Damage, Selling De-Registered","Automatic,",3,N/A,https://manheim.co.nz/damaged-vehicles/000000000007268117/2016-hyundai-iload-2-5-crdi-auto-van?referringPage=SearchResults
Ford,Mondeo,No,$900,"238,135",," Front Damage, Rear Damage, Structural Damage, Selling De-Registered",N/A,5,Diesel,https://manheim.co.nz/damaged-vehicles/000000000007258133/2018-ford-mondeo-ambiente-wgn-diesel-station-wagon?referringPage=SearchResults
Toyota,Aqua,No,$0,N/A,," Left Front Damage, Structural Damage, Selling De-Registered","CVT,",5,Hybrid,https://manheim.co.nz/damaged-vehicles/000000000007258155/2012-toyota-aqua-hybrid-hatch?referringPage=SearchResults
Nissan,X-trail,Yes,"$2,400",N/A,," Transmission Failure, Selling Registered","Automatic,",5,Hybrid,https://manheim.co.nz/damaged-vehicles/000000000007218221/2015-nissan-x-trail-station-wagon?referringPage=SearchResults
Toyota,Corolla,Yes,$800,"101,827",," Left Side Damage, Roof Damage, Selling Registered","5spd,",5,Petrol,https://manheim.co.nz/damaged-vehicles/000000000007278297/2008-toyota-corolla-fielder-station-wagon?referringPage=SearchResults
Toyota,Corolla H/B AUT,Yes,$500,"107,909",," Left Rear Damage, Left Side Damage, Selling Registered","Automatic,",5,Petrol,https://manheim.co.nz/damaged-vehicles/000000000007268437/1993-toyota-corolla-h-b-aut-hatch?referringPage=SearchResults
Volkswagen,Golf,Yes,"$8,500","155,068",," Rear Damage, Stolen & Recovered, Selling Registered","Automatic,",5,Petrol,https://manheim.co.nz/damaged-vehicles/000000000007178519/2015-volkswagen-golf-r-hatch?referringPage=SearchResults
Mazda,Demio,No,$200,"140,245",," Front Damage, Structural Damage, Selling De-Registered","Automatic,",5,Petrol,https://manheim.co.nz/damaged-vehicles/000000000007268625/2008-mazda-demio-hatch?referringPage=SearchResults
Toyota,Aqua,No,N/A,"113,355",," Left Front Damage, Right Front Damage, Structural Damage, Selling De-Registered","Automatic,",5,Hybrid,https://manheim.co.nz/damaged-vehicles/000000000007268643/2018-toyota-aqua-hatch?referringPage=SearchResults
Mitsubishi,Outlander,No,$0,"197,695",," Front Damage, Structural Damage, Selling De-Registered","Automatic,",5,Hybrid,https://manheim.co.nz/damaged-vehicles/000000000007238649/2014-mitsubishi-outlander-phev-station-wagon?referringPage=SearchResults
Subaru,Impreza,Yes,$600,"201,495",," Interior Damage, Left Side Damage, Vandalised - Interior, Stolen & Recovered, Selling Registered","Automatic,",5,Petrol,https://manheim.co.nz/damaged-vehicles/000000000007268696/2003-subaru-impreza-station-wagon?referringPage=SearchResults
Nissan,Bluebird,No,$500,"120,379",," Left Side Damage, Structural Damage, Selling De-Registered","Automatic,",5,Petrol,https://manheim.co.nz/damaged-vehicles/000000000007268750/2008-nissan-bluebird-sedan?referringPage=SearchResults
Can-Am,PRO Outlander 450,No,$500,N/A,," Rolled, Structural Damage, Selling De-Registered",Automati,N/A,N/A,https://manheim.co.nz/damaged-vehicles/000000000007268786/2014-canam-pro-outlander-450-quad-bike?referringPage=SearchResults
Toyota,Aqua,No,$0,"119,719",," Left Rear Damage, Right Front Damage, Structural Damage, Selling De-Registered","Automatic,",5,Hybrid,https://manheim.co.nz/damaged-vehicles/000000000007268796/2018-toyota-aqua-hatch?referringPage=SearchResults
Honda,CBR,No,$500,"8,678",," Front Damage, Right Rear Damage, Structural Damage, Selling De-Registered","Manual,",N/A,Petrol,https://manheim.co.nz/damaged-vehicles/000000000007268894/2024-honda-cbr-500-motorcycle?referringPage=SearchResults
Toyota,Vanguard,No,N/A,"153,889",, Selling De-Registered,"Automatic,",7,Petrol,https://manheim.co.nz/damaged-vehicles/000000000007268967/2012-toyota-vanguard-station-wagon?referringPage=SearchResults
Subaru,Exiga,Yes,$600,"161,119",, Selling Registered,"Automatic,",7,Petrol,https://manheim.co.nz/damaged-vehicles/000000000007258972/2009-subaru-exiga-station-wagon?referringPage=SearchResults
Audi,A4,No,$0,"122,535",," Rear Damage, Structural Damage, Selling De-Registered","Automatic,",5,Petrol,https://manheim.co.nz/damaged-vehicles/000000000007229021/2012-audi-a4-s-line-1-8-tfsi-mu-sedan?referringPage=SearchResults
Mitsubishi,ASX,No,$0,N/A,," Front Damage, Left Front Damage, Right Front Damage, Airbags Deployed, Structural Damage, Selling De-Registered","CVT,",5,Petrol,https://manheim.co.nz/damaged-vehicles/000000000007259187/2011-mitsubishi-asx-2wd-2-0p-cvt-ls-station-wagon?referringPage=SearchResults
Mazda,MAZDA3,No,$0,"59,381",," Front Damage, Structural Damage, Selling De-Registered","Automatic,",5,Petrol,https://manheim.co.nz/damaged-vehicles/000000000007259211/2018-mazda-mazda3-sp25-2-5p-6at-hatch?referringPage=SearchResults
Nissan,Pulsar,No,$0,"91,453",," Rear Damage, Right Side Damage, Structural Damage, Selling De-Registered","Automatic,",5,Petrol,https://manheim.co.nz/damaged-vehicles/000000000007269270/2004-nissan-pulsar-1-8-hatch-auto-hatch?referringPage=SearchResults
Holden,Rodeo 4X4,No,$0,"369,870",," Right Side Damage, Structural Damage, Selling De-Registered","Automatic,",5,Diesel,https://manheim.co.nz/damaged-vehicles/000000000007269278/2002-holden-rodeo-4x4-2-8l-dsl-crew-w-s-l-dual-cab-utility?referringPage=SearchResults
Nissan,Tiida,Yes,N/A,"224,561",," Stolen & Recovered, Selling Registered","CVT,",5,Petrol,https://manheim.co.nz/damaged-vehicles/000000000007269312/2006-nissan-tiida-5d-station-wagon?referringPage=SearchResults
Mazda,Atenza,No,$600,"151,686",," Left Side Damage, Structural Damage, Selling De-Registered","5spd,",5,Petrol,https://manheim.co.nz/damaged-vehicles/000000000007269318/2008-mazda-atenza-hatch?referringPage=SearchResults
Nissan,Tiida,Yes,$700,N/A,," Ignition Damage, Left Side Damage, Right Front Damage, Vandalised - Interior, Stolen & Recovered, Selling Registered","Automatic,",5,Petrol,https://manheim.co.nz/damaged-vehicles/000000000007269383/2005-nissan-tiida-latio-sedan?referringPage=SearchResults
Mazda,CX-3,No,$0,N/A,," Front Damage, Structural Damage, Stolen & Recovered, Selling De-Registered",N/A,5,Petrol,https://manheim.co.nz/damaged-vehicles/000000000007259421/2017-mazda-cx-3-hatch?referringPage=SearchResults
Toyota,Prius,No,N/A,"161,648",," Right Front Damage, Airbags Deployed, Structural Damage, Selling De-Registered",N/A,5,Hybrid,https://manheim.co.nz/damaged-vehicles/000000000007259474/2018-toyota-prius-hatch?referringPage=SearchResults
Ford,Focus,No,$400,"178,622",," Front Damage, Structural Damage, Selling De-Registered","Automatic,",5,Petrol,https://manheim.co.nz/damaged-vehicles/000000000007269497/2007-ford-focus-2-0-a-hatch-hatch?referringPage=SearchResults
Nissan,Pulsar,No,$300,N/A,," Airbags Deployed, Front Damage, Left Front Damage, Left Rear Damage, Left Side Damage, Right Front Damage, Right Side Damage, Airbags Deployed, Structural Damage, Selling De-Registered","5spd Manual,",5,Petrol,https://manheim.co.nz/damaged-vehicles/000000000007269602/2001-nissan-pulsar-1-5l-wgn-man-5dr-station-wagon?referringPage=SearchResults
Toyota,Corolla,No,N/A,"263,681",," Left Side Damage, Rear Damage, Structural Damage, Selling De-Registered","Automatic,",5,Hybrid,https://manheim.co.nz/damaged-vehicles/000000000007269767/2019-toyota-corolla-sport-hatch?referringPage=SearchResults
Toyota,Aqua,No,$0,N/A,," Front Damage, Left Front Damage, Left Rear Damage, Structural Damage, Selling De-Registered","Automatic,",5,Hybrid,https://manheim.co.nz/damaged-vehicles/000000000007269776/2016-toyota-aqua-hatch?referringPage=SearchResults
Kawasaki,ex,No,$600,"20,637",," Left Side Damage, Right Front Damage, Right Side Damage, Structural Damage, Selling De-Registered","Automatic,",N/A,Petrol,https://manheim.co.nz/damaged-vehicles/000000000007269777/2019-kawasaki-ex-400dkf-motorcycle?referringPage=SearchResults
Suzuki,GSX150,Yes,"$1,100","5,763",," Left Front Damage, Right Rear Damage, Right Side Damage, Selling Registered","Manual,",N/A,Petrol,https://manheim.co.nz/damaged-vehicles/000000000007269817/2025-suzuki-gsx150-rlm4-motorcycle?referringPage=SearchResults
TVR,Chimaera,Yes,"$9,500","79,619",, Selling Registered,"Manual,",2,Petrol,https://manheim.co.nz/damaged-vehicles/000000000007249887/1996-tvr-chimaera-coup%C3%A9?referringPage=SearchResults
Holden,Colorado,No,N/A,"77,856",," Front Damage, Airbags Deployed, Structural Damage, Selling De-Registered","5spd Automatic,",5,Diesel,https://manheim.co.nz/damaged-vehicles/000000000007229940/2020-holden-colorado-ltz-dc-pu-2-8d-utility?referringPage=SearchResults
Toyota,Hilux,No,N/A,"321,266",," Front Damage, Structural Damage, Selling De-Registered","4spd Automatic,",5,Diesel,https://manheim.co.nz/damaged-vehicles/000000000007269989/2010-toyota-hilux-3-0td-4wd-sr5-dc-4a-utility?referringPage=SearchResults
Holden,Cruze,Yes,"$1,300",N/A,," Rear Damage, Stolen & Recovered, Selling Registered","6spd Automatic,",5,Petrol,https://manheim.co.nz/damaged-vehicles/000000000007269995/2016-holden-cruze-equipe-1-8p-6at-sl--sedan?referringPage=SearchResults
